molecule_chembl_id,canonical_smiles,standard_type,standard_value,standard_units,target_chembl_id,label_active,MolWt,MolLogP,TPSA,NumHAcceptors,NumHDonors,NumRotatableBonds,RingCount
CHEMBL68920,Cc1cc(C)c(/C=C2\C(=O)Nc3ncnc(Nc4ccc(F)c(Cl)c4)c32)[nH]1,IC50,16500.0,nM,CHEMBL279,0,383.814,4.450340000000002,82.69999999999999,4,3,3,4
CHEMBL69960,Cc1cc(C(=O)N2CCOCC2)[nH]c1/C=C1\C(=O)Nc2ncnc(Nc3ccc(F)c(Cl)c3)c21,IC50,20000.0,nM,CHEMBL279,0,482.9030000000001,3.614320000000001,112.24,6,3,4,5
CHEMBL69638,Nc1ncnc2c1c(-c1cccc(Oc3ccccc3)c1)cn2C1CCCC1,IC50,7100.0,nM,CHEMBL279,0,370.4560000000002,5.587900000000004,65.96000000000001,5,1,4,5
CHEMBL419526,c1ccc(-c2cnc(Nc3ccccn3)o2)cc1,IC50,1880.0,nM,CHEMBL279,0,237.26200000000003,3.480200000000001,50.95,4,1,3,3
CHEMBL443268,Cc1cc(C(=O)NCCN2CCOCC2)[nH]c1/C=C1\C(=O)N(C)c2ncnc(Nc3ccc(F)c(Cl)c3)c21,IC50,10100.0,nM,CHEMBL279,0,539.9990000000001,3.228220000000002,115.48,7,3,7,5
CHEMBL330621,Cc1ccc(Nc2ncc(-c3ccccc3)s2)nc1,IC50,19.0,nM,CHEMBL279,1,267.357,4.257120000000002,37.81,4,1,3,3
CHEMBL304271,CCN(CC)CC(O)CNC(=O)c1cc(C)c(/C=C2\C(=O)Nc3ncnc(Nc4ccc(F)c(Cl)c4)c32)[nH]1,IC50,360.0,nM,CHEMBL279,1,542.0150000000001,3.57442,135.27,7,5,10,4
CHEMBL98896,c1ccc(-c2cnc(Nc3cnccn3)s2)cc1,IC50,23.0,nM,CHEMBL279,1,254.31800000000004,3.343700000000001,50.7,5,1,3,3
CHEMBL98653,c1ccc(-c2cnc(Nc3cccnc3)s2)cc1,IC50,240.0,nM,CHEMBL279,1,253.33000000000004,3.9487000000000014,37.81,4,1,3,3
CHEMBL319065,Cc1ccnc(Nc2ncc(-c3ccccc3)s2)c1,IC50,6.0,nM,CHEMBL279,1,267.357,4.257120000000002,37.81,4,1,3,3
CHEMBL328644,c1ccc(Nc2ncc(-c3ccccc3)s2)cc1,IC50,124.0,nM,CHEMBL279,1,252.34200000000004,4.553700000000002,24.92,3,1,3,3
CHEMBL98385,Cc1cccc(Nc2ncc(-c3ccccc3)s2)n1,IC50,10.0,nM,CHEMBL279,1,267.357,4.257120000000001,37.81,4,1,3,3
CHEMBL419082,Nc1ncnc2c1c(-c1ccc(Oc3ccccc3)cc1)cn2C1CCCC1O,IC50,1000.0,nM,CHEMBL279,0,386.45500000000015,4.5587000000000035,86.19000000000001,6,2,4,5
CHEMBL318728,c1ccc(Nc2ncc(-c3ccccc3)o2)cc1,IC50,134.0,nM,CHEMBL279,1,236.27400000000003,4.085200000000002,38.06,3,1,3,3
CHEMBL304760,c1ccc(Oc2ccc(Nc3ncnc4ccccc34)cc2)cc1,IC50,2720.0,nM,CHEMBL279,0,313.36,5.165700000000003,47.04,4,1,4,4
CHEMBL307982,CC(C)n1cc(-c2ccc(Oc3ccccc3)cc2)c2c(N)ncnc21,IC50,430.0,nM,CHEMBL279,1,344.4180000000001,5.0537000000000045,65.96000000000001,5,1,4,4
CHEMBL98633,O=C(Nc1ncc(-c2ccccc2)s1)c1ccccc1,IC50,81.0,nM,CHEMBL279,1,280.35200000000003,4.062400000000003,41.99,3,1,3,3
CHEMBL431073,c1ccc(-c2cnc(Nc3ccncn3)s2)cc1,IC50,36.0,nM,CHEMBL279,1,254.31800000000004,3.343700000000001,50.7,5,1,3,3
CHEMBL68774,Nc1ncnc2c1c(-c1ccccc1Oc1ccccc1)cn2C1CCCC1,IC50,50000.0,nM,CHEMBL279,0,370.4560000000002,5.587900000000003,65.96000000000001,5,1,4,5
CHEMBL98995,COc1cccnc1Nc1ncc(-c2ccccc2)s1,IC50,46.0,nM,CHEMBL279,1,283.356,3.957300000000002,47.04,5,1,4,3
CHEMBL98996,COc1ccnc(Nc2ncc(-c3ccccc3)s2)c1,IC50,11.0,nM,CHEMBL279,1,283.356,3.957300000000002,47.04,5,1,4,3
CHEMBL329713,Cc1cccnc1Nc1ncc(-c2ccccc2)s1,IC50,13.0,nM,CHEMBL279,1,267.357,4.257120000000001,37.81,4,1,3,3
CHEMBL302552,O=C1Nc2ncnc(Nc3ccc(F)c(Cl)c3)c2/C1=C/c1ccc(C(=O)NCCN2CCOCC2)[nH]1,IC50,20000.0,nM,CHEMBL279,0,511.9450000000004,2.895500000000001,124.26999999999998,7,4,7,5
CHEMBL67057,Cc1cc(C(=O)N2CCOCC2)[nH]c1/C=C1\C(=O)Nc2ncnc(Nc3ccc4c(ccn4Cc4ccccc4)c3)c21,IC50,2050.0,nM,CHEMBL279,0,559.6300000000002,4.824820000000003,117.16999999999999,7,3,6,7
CHEMBL100174,CCCCN(C)c1ccc(/N=N/c2ncc([N+](=O)[O-])s2)c(C)c1,IC50,151.0,nM,CHEMBL279,1,333.41700000000003,5.011420000000004,83.99,7,0,7,2
CHEMBL432903,CCN(CC)CCNC(=O)c1c(C)[nH]c(/C=C2\C(=O)Nc3ncnc(Nc4ccc(F)c(Cl)c4)c32)c1C,IC50,3470.0,nM,CHEMBL279,0,526.0160000000002,4.5219400000000025,115.04,6,4,9,4
CHEMBL69964,Cc1cc(/C=C2\C(=O)Nc3ncnc(Nc4ccc(F)c(Cl)c4)c32)[nH]c1C(=O)N1CCN(C)CC1,IC50,20000.0,nM,CHEMBL279,0,495.94600000000037,3.5295200000000015,106.24999999999997,6,3,4,5
CHEMBL65848,Cc1cc(C(=O)N2CCOCC2)[nH]c1/C=C1\C(=O)Nc2ncnc(Nc3ccc4c(c3)CCC4)c21,IC50,3460.0,nM,CHEMBL279,0,470.53300000000024,3.3105200000000012,112.24,6,3,4,6
CHEMBL69129,Nc1ncnc2c1c(-c1ccc(Oc3ccccc3)cc1)cn2C1CCC(O)C1,IC50,85.0,nM,CHEMBL279,1,386.45500000000015,4.5587000000000035,86.19000000000001,6,2,4,5
CHEMBL98538,c1ccc(-c2cnc(Nc3ccccn3)s2)cc1,IC50,7.0,nM,CHEMBL279,1,253.33000000000004,3.9487000000000014,37.81,4,1,3,3
CHEMBL69629,Cc1cc(C(=O)NCCN2CCOCC2)[nH]c1/C=C1\C(=O)Nc2ncnc(Nc3ccc(F)c(Cl)c3)c21,IC50,20000.0,nM,CHEMBL279,0,525.9720000000001,3.203920000000001,124.27000000000001,7,4,7,5
CHEMBL97888,c1ccc(-c2cnc(Nc3ccncc3)s2)cc1,IC50,259.0,nM,CHEMBL279,1,253.33000000000004,3.9487000000000014,37.81,4,1,3,3
CHEMBL99832,COc1cccc(Nc2ncc(-c3ccccc3)s2)n1,IC50,3.0,nM,CHEMBL279,1,283.356,3.957300000000002,47.04,5,1,4,3
CHEMBL68258,Cc1cc(C(=O)N2CCOCC2)[nH]c1/C=C1\C(=O)Nc2ncnc(N3CCCCC3)c21,IC50,20000.0,nM,CHEMBL279,0,422.48900000000026,2.0685199999999995,103.44999999999999,6,2,3,5
CHEMBL69827,Nc1ncnc2c1c(-c1ccc(Oc3ccccc3)cc1)cn2C1CC(O)C(O)C1,IC50,270.0,nM,CHEMBL279,1,402.4540000000001,3.5295000000000014,106.42000000000002,7,3,4,5
CHEMBL66570,CCN1CCN(C(=O)c2cc(C)c(/C=C3\C(=O)Nc4ncnc(Nc5ccc(F)c(Cl)c5)c43)[nH]2)CC1,IC50,20000.0,nM,CHEMBL279,0,509.97300000000024,3.919620000000001,106.25,6,3,5,5
CHEMBL306380,Cc1ccc(-c2nn(C(C)(C)C)c3ncnc(N)c23)cc1,IC50,1600.0,nM,CHEMBL279,0,281.363,3.1389200000000006,69.62,5,1,1,3
CHEMBL101464,Brc1cccc(Nc2ncc(-c3ccccc3)s2)n1,IC50,14.0,nM,CHEMBL279,1,332.226,4.711200000000002,37.81,4,1,3,3
CHEMBL100775,Cc1cnc(Nc2ccccn2)s1,IC50,1274.0,nM,CHEMBL279,0,191.25900000000001,2.5901200000000006,37.81,4,1,2,2
CHEMBL305194,Cc1cc(C(=O)O)[nH]c1/C=C1\C(=O)Nc2ncnc(Nc3ccc(F)c(Cl)c3)c21,IC50,8920.0,nM,CHEMBL279,0,413.7960000000001,3.8401200000000006,120.0,5,4,4,4
CHEMBL319789,Clc1ccc(Nc2ncc(-c3ccccc3)s2)nc1,IC50,35.0,nM,CHEMBL279,1,287.77500000000003,4.602100000000002,37.81,4,1,3,3
CHEMBL97889,Brc1cnc(Nc2ccccn2)s1,IC50,71.0,nM,CHEMBL279,1,256.12800000000004,3.0442,37.81,4,1,2,2
CHEMBL98475,c1ccc(-c2cnc(Nc3ccc(CN4CCCC4)cn3)s2)cc1,IC50,6.0,nM,CHEMBL279,1,336.46399999999994,4.544500000000003,41.050000000000004,5,1,5,4
CHEMBL420087,Clc1cnc(Nc2ccccn2)s1,IC50,194.0,nM,CHEMBL279,1,211.67700000000002,2.9351000000000003,37.81,4,1,2,2
CHEMBL308645,Cc1cc(CCC(=O)O)[nH]c1/C=C1\C(=O)Nc2ncnc(Nc3ccc(F)c(Cl)c3)c21,IC50,20000.0,nM,CHEMBL279,0,441.8500000000001,4.1591200000000015,120.0,5,4,6,4
CHEMBL67003,Cc1cc(C(=O)N2CCOCC2)[nH]c1/C=C1\C(=O)Nc2ncnc(Nc3ccc4c(cnn4Cc4ccccc4)c3)c21,IC50,2100.0,nM,CHEMBL279,0,560.6180000000002,4.219820000000002,130.06,8,3,6,7
CHEMBL306012,CC(C)(C)n1cc(-c2ccc(Cl)cc2)c2c(N)ncnc21,IC50,2680.0,nM,CHEMBL279,0,300.793,4.088900000000002,56.730000000000004,4,1,1,3
CHEMBL305246,Cc1cc(C(=O)N2CCN(C)CC2)[nH]c1/C=C1\C(=O)Nc2ncnc(Nc3ccc(F)c(Cl)c3)c21,IC50,20000.0,nM,CHEMBL279,0,495.9460000000001,3.5295200000000007,106.25,6,3,4,5
CHEMBL69966,C#Cc1cccc(Nc2ncnc3c2/C(=C/c2[nH]c(C(=O)NCCN4CCOCC4)cc2C)C(=O)N3)c1,IC50,20000.0,nM,CHEMBL279,0,497.5590000000004,2.3927199999999997,124.27000000000001,7,4,7,5
CHEMBL47940,Nc1ncnc2c1c(-c1ccc(Oc3ccccc3)cc1)cn2C1CCCC1,IC50,1570.0,nM,CHEMBL279,0,370.4560000000002,5.587900000000003,65.96000000000001,5,1,4,5
CHEMBL69358,CCN(CC)CCNC(=O)c1cc(C)c(/C=C2\C(=O)Nc3ncnc(Nc4ccc(F)c(Cl)c4)c32)[nH]1,IC50,300.0,nM,CHEMBL279,1,511.9890000000001,4.213520000000002,115.04000000000002,6,4,9,4
CHEMBL304971,Cc1c(C(=O)N2CCN(C)CC2)c[nH]c1/C=C1\C(=O)Nc2ncnc(Nc3ccc(F)c(Cl)c3)c21,IC50,20000.0,nM,CHEMBL279,0,495.9460000000002,3.5295200000000007,106.25,6,3,4,5
CHEMBL69071,Cc1cc(C(=O)N2CC(C)NC(C)C2)[nH]c1/C=C1\C(=O)Nc2ncnc(Nc3ccc(F)c(Cl)c3)c21,IC50,1630.0,nM,CHEMBL279,0,509.97300000000024,3.9643200000000016,115.04,6,4,4,5
CHEMBL302281,CC(C)(C)n1cc(-c2ccc(Oc3ccccc3)cc2)c2c(N)ncnc21,IC50,2290.0,nM,CHEMBL279,0,358.4450000000001,5.227800000000005,65.96000000000001,5,1,3,4
CHEMBL101544,N#Cc1cnc(Nc2ccccn2)s1,IC50,36.0,nM,CHEMBL279,1,202.24200000000002,2.1533799999999994,61.6,5,1,2,2
CHEMBL69709,Cc1cc(C)c(/C=C2\C(=O)N(C)c3ncnc(Nc4ccc(F)c(Cl)c4)c32)[nH]1,IC50,5820.0,nM,CHEMBL279,0,397.84100000000007,4.4746400000000035,73.91,4,2,3,4
CHEMBL69106,O=C1Nc2ncnc(Nc3ccc(F)c(Cl)c3)c2/C1=C/c1ccc[nH]1,IC50,20000.0,nM,CHEMBL279,0,355.76000000000005,3.8335000000000017,82.69999999999999,4,3,3,4
CHEMBL264382,Cc1cc(C(=O)NCCN2CCOCC2)[nH]c1/C=C1\C(=O)Nc2ncnc(Nc3ccc4c(ccn4Cc4ccccc4)c3)c21,IC50,3470.0,nM,CHEMBL279,0,602.6990000000002,4.4144200000000025,129.20000000000002,8,4,9,7
CHEMBL305782,Cc1[nH]c(/C=C2\C(=O)Nc3ncnc(Nc4ccc(F)c(Cl)c4)c32)c(C)c1CCC(=O)O,IC50,20000.0,nM,CHEMBL279,0,455.8770000000003,4.467540000000002,120.00000000000001,5,4,6,4
CHEMBL308672,CCN(CC)CCNC(=O)c1cc(C)c(/C=C2\C(=O)Nc3ncnc(Nc4ccc(Cl)cc4F)c32)[nH]1,IC50,40.0,nM,CHEMBL279,1,511.9890000000001,4.213520000000002,115.04000000000002,6,4,9,4
CHEMBL101924,c1ccc(-c2cnc(Nc3ncccn3)s2)cc1,IC50,137.0,nM,CHEMBL279,1,254.31800000000004,3.343700000000001,50.7,5,1,3,3
CHEMBL432941,COc1cccc(-c2ccc3c(c2)NC(=O)/C3=C\c2[nH]c3c(c2CCC(=O)O)CCCC3)c1,IC50,70.0,nM,CHEMBL279,1,442.5150000000003,5.079000000000003,91.42,3,3,6,5
CHEMBL420609,COc1ccc2c(c1)NC(=O)/C2=C\c1[nH]c2c(c1CCC(=O)O)CCCC2,IC50,380.0,nM,CHEMBL279,1,366.4170000000002,3.4120000000000017,91.42,3,3,5,4
CHEMBL419682,COc1cccc(-c2ccc3c(c2)NC(=O)/C3=C\c2cc3c([nH]2)CCCC3)c1,IC50,20000.0,nM,CHEMBL279,0,370.45200000000017,5.061800000000003,54.12,2,2,3,5
CHEMBL88462,COc1ccccc1-c1ccc2c(c1)NC(=O)/C2=C\c1cc2c([nH]1)CCCC2,IC50,20000.0,nM,CHEMBL279,0,370.4520000000002,5.061800000000003,54.12,2,2,3,5
CHEMBL431996,O=C(O)CCc1c(/C=C2\C(=O)Nc3ccc(C(=O)O)cc32)[nH]c2c1CCCC2,IC50,4.0,nM,CHEMBL279,1,380.4000000000002,3.101600000000002,119.49000000000001,3,4,5,4
CHEMBL91250,COc1ccc2c(c1)NC(=O)/C2=C\c1cc2c([nH]1)CCCC2,IC50,12100.0,nM,CHEMBL279,0,294.3540000000001,3.394800000000002,54.12,2,2,2,4
CHEMBL88771,O=C(O)CCc1c(/C=C2\C(=O)Nc3cc(-c4ccccc4)ccc32)[nH]c2c1CCCC2,IC50,50.0,nM,CHEMBL279,1,412.48900000000026,5.070400000000004,82.19,2,3,5,5
CHEMBL91815,COc1ccc(-c2ccc3c(c2)NC(=O)/C3=C\c2[nH]c3c(c2CCC(=O)O)CCCC3)cc1,IC50,30.0,nM,CHEMBL279,1,442.5150000000004,5.079000000000003,91.42,3,3,6,5
CHEMBL328029,O=C1Nc2ccccc2/C1=C/c1cc2c([nH]1)CCCC2,IC50,480.0,nM,CHEMBL279,1,264.328,3.3862000000000023,44.89,1,2,1,4
CHEMBL314995,O=C(O)CCc1c(/C=C2\C(=O)Nc3ccc(Br)cc32)[nH]c2c1CCCC2,IC50,30.0,nM,CHEMBL279,1,415.2870000000002,4.165900000000002,82.19,2,3,4,4
CHEMBL88483,NS(=O)(=O)c1ccc2c(c1)/C(=C/c1cc3c([nH]1)CCCC3)C(=O)N2,IC50,30.0,nM,CHEMBL279,1,343.4080000000002,2.0336000000000003,105.05000000000001,3,3,2,4
CHEMBL313746,O=C1Nc2cc(-c3ccccc3)ccc2/C1=C/c1cc2c([nH]1)CCCC2,IC50,20000.0,nM,CHEMBL279,0,340.4260000000002,5.053200000000004,44.89,1,2,2,5
CHEMBL89363,Cc1c[nH]c(/C=C2\C(=O)Nc3ccccc32)c1CCC(=O)O,IC50,20.0,nM,CHEMBL279,1,296.326,2.8330200000000003,82.19,2,3,4,3
CHEMBL276711,Cc1cc(C)c(/C=C2\C(=O)Nc3ccccc32)[nH]1,IC50,700.0,nM,CHEMBL279,1,238.29000000000002,3.1242400000000004,44.89,1,2,1,3
CHEMBL313500,COc1ccc(-c2ccc3c(c2)NC(=O)/C3=C\c2cc3c([nH]2)CCCC3)cc1,IC50,20000.0,nM,CHEMBL279,0,370.45200000000017,5.061800000000003,54.12,2,2,3,5
CHEMBL89010,O=C1Nc2ccc(C(=O)O)cc2/C1=C/c1cc2c([nH]1)CCCC2,IC50,20.0,nM,CHEMBL279,1,308.33700000000016,3.0844000000000014,82.19,2,3,2,4
CHEMBL86531,NS(=O)(=O)c1ccc2c(c1)/C(=C/c1[nH]c3c(c1CCC(=O)O)CCCC3)C(=O)N2,IC50,600.0,nM,CHEMBL279,1,415.4710000000003,2.0508,142.35000000000002,4,4,5,4
CHEMBL315753,O=C(O)CCc1c(/C=C2\C(=O)Nc3ccccc32)[nH]c2c1CCCC2,IC50,90.0,nM,CHEMBL279,1,336.39100000000025,3.403400000000002,82.19,2,3,4,4
CHEMBL88606,O=C1Nc2ccc(Br)cc2/C1=C/c1cc2c([nH]1)CCCC2,IC50,70.0,nM,CHEMBL279,1,343.22400000000016,4.1487000000000025,44.89,1,2,1,4
CHEMBL313821,COc1ccccc1-c1ccc2c(c1)NC(=O)/C2=C\c1[nH]c2c(c1CCC(=O)O)CCCC2,IC50,60.0,nM,CHEMBL279,1,442.5150000000004,5.079000000000003,91.42,3,3,6,5
CHEMBL329201,Fc1ccc(-c2cnn3cc(-c4ccncc4)cnc23)cc1,IC50,63.0,nM,CHEMBL279,1,290.30100000000004,3.5974000000000013,43.08,4,0,2,4
CHEMBL221736,O=c1[nH]c2ccccc2cc1-c1cc2ccccc2[nH]1,IC50,8.0,nM,CHEMBL279,1,260.29599999999994,3.676400000000001,48.65,1,2,1,4
CHEMBL92973,Cc1ccc(-c2cnc3c(-c4ccncc4)cnn3c2)cc1,IC50,62.0,nM,CHEMBL279,1,286.338,3.766720000000002,43.08,4,0,2,4
CHEMBL92516,c1cc(-c2cnc3c(-c4ccsc4)cnn3c2)ccn1,IC50,24.0,nM,CHEMBL279,1,278.34000000000003,3.519800000000002,43.08,5,0,2,4
CHEMBL324489,CN1CCN(C(=O)c2ccc3[nH]c(-c4cc5ccccc5nc4O)cc3c2)CC1,IC50,5.0,nM,CHEMBL279,1,386.45500000000015,3.476300000000002,72.46000000000001,4,2,2,5
CHEMBL96150,Fc1ccc(-c2cnn3cc(-c4ccncc4)cnc23)cc1Cl,IC50,265.0,nM,CHEMBL279,1,324.7460000000001,4.250800000000002,43.08,4,0,2,4
CHEMBL92623,c1ccc(-c2cnn3cc(-c4ccncc4)cnc23)cc1,IC50,71.0,nM,CHEMBL279,1,272.31100000000004,3.4583000000000013,43.08,4,0,2,4
CHEMBL329350,COc1ccc(-c2cnc3c(-c4ccncc4)cnn3c2)cc1,IC50,37.0,nM,CHEMBL279,1,302.33700000000005,3.4669000000000016,52.31,5,0,3,4
CHEMBL329142,Clc1cccc(-c2cnn3cc(-c4ccncc4)cnc23)c1,IC50,350.0,nM,CHEMBL279,1,306.75600000000003,4.111700000000003,43.08,4,0,2,4
CHEMBL330042,c1cc(-c2cnn3cc(C4CCCCC4)cnc23)cs1,IC50,280.0,nM,CHEMBL279,1,283.3999999999999,4.505500000000003,30.19,4,0,2,4
CHEMBL420528,O=S(=O)(NC1CCNC1)c1ccc2[nH]c(-c3cc4ccccc4nc3O)cc2c1,IC50,14.0,nM,CHEMBL279,1,408.4830000000001,2.728900000000001,107.11000000000001,5,4,4,5
CHEMBL96569,C1=C(c2cnn3cc(-c4ccncc4)cnc23)CCCC1,IC50,41.0,nM,CHEMBL279,1,276.3430000000001,3.748700000000002,43.08,4,0,2,4
CHEMBL118748,O=C(O)C1CCN(CCCOc2ccc3[nH]c(-c4cc5ccccc5nc4O)cc3c2)CC1,IC50,8.0,nM,CHEMBL279,1,445.51900000000023,4.654200000000004,98.68,5,3,7,5
CHEMBL117052,NC1CCN(C(=O)c2ccc3[nH]c(-c4cc5ccccc5nc4O)cc3c2)C1,IC50,5.0,nM,CHEMBL279,1,372.4280000000001,3.2619000000000007,95.24,4,3,2,5
CHEMBL327029,O=c1ccc2ccccc2cc1-c1nc2ccccc2[nH]1,IC50,355.0,nM,CHEMBL279,1,272.307,3.7433000000000023,45.75,2,1,1,4
CHEMBL119552,O=C(c1ccc2[nH]c(-c3cc4ccccc4nc3O)cc2c1)N1CCNCC1,IC50,5.0,nM,CHEMBL279,1,372.4280000000002,3.134100000000001,81.25,4,3,2,5
CHEMBL118832,O=S(=O)(c1ccc2[nH]c(-c3cc4ccccc4nc3O)cc2c1)N1CCNCC1,IC50,11.0,nM,CHEMBL279,1,408.48300000000023,2.6826,98.32,5,3,3,5
CHEMBL317566,COc1cccc(-c2cnn3cc(-c4ccncc4)cnc23)c1,IC50,510.0,nM,CHEMBL279,1,302.33700000000005,3.4669000000000008,52.31,5,0,3,4
CHEMBL329457,COc1ccc(-c2cnc3c(-c4cccnc4)cnn3c2)cc1,IC50,41.0,nM,CHEMBL279,1,302.33700000000005,3.4669000000000016,52.31,5,0,3,4
CHEMBL323838,NC1CCN(S(=O)(=O)c2ccc3[nH]c(-c4cc5ccccc5nc4O)cc3c2)C1,IC50,16.0,nM,CHEMBL279,1,408.4830000000001,2.8104000000000013,112.31,5,3,3,5
CHEMBL333297,Oc1nc2ccccc2cc1-c1cc2cc(OCCN3CCCCC3)ccc2[nH]1,IC50,4.0,nM,CHEMBL279,1,387.4830000000002,4.953400000000006,61.38000000000001,4,2,5,5
CHEMBL118569,COCCN(C)CCOc1ccc2[nH]c(-c3cc4ccccc4nc3O)cc2c1,IC50,7.0,nM,CHEMBL279,1,391.4710000000001,4.045700000000003,70.61,5,2,8,4
CHEMBL92238,c1ccc(-c2cnn3cc(-c4ccccn4)cnc23)cc1,IC50,88.0,nM,CHEMBL279,1,272.31100000000004,3.4583000000000013,43.08,4,0,2,4
CHEMBL94542,C1=C(c2cnn3cc(-c4ccncc4)cnc23)CCC1,IC50,28.0,nM,CHEMBL279,1,262.31600000000003,3.358600000000002,43.08,4,0,2,4
CHEMBL118440,O=c1[nH]c2ccccc2cc1-c1nc2ccccc2[nH]1,IC50,45.0,nM,CHEMBL279,1,261.28399999999993,3.0714000000000006,61.54,2,2,1,4
CHEMBL83656,COc1ccc(-c2cnc3c(-c4ccccc4)cnn3c2)cc1,IC50,71.0,nM,CHEMBL279,1,301.34900000000005,4.071900000000003,39.42,4,0,3,4
CHEMBL325003,O=C(NC1CCNC1)c1ccc2[nH]c(-c3cc4ccccc4nc3O)cc2c1,IC50,6.0,nM,CHEMBL279,1,372.4280000000001,3.1804000000000014,90.04,4,4,3,5
CHEMBL328790,Clc1ccc(-c2cnc3c(-c4ccncc4)cnn3c2)cc1,IC50,113.0,nM,CHEMBL279,1,306.75600000000003,4.111700000000003,43.08,4,0,2,4
CHEMBL119276,CC(=O)N1CCN(CCOc2ccc3[nH]c(-c4cc5ccccc5nc4O)cc3c2)CC1,IC50,4.0,nM,CHEMBL279,1,430.50800000000027,3.6316000000000015,81.69,5,2,5,5
CHEMBL92279,c1cc(-c2cnc3c(-c4ccncc4)cnn3c2)ccn1,IC50,224.0,nM,CHEMBL279,1,273.29900000000004,2.8533,55.97,5,0,2,4
CHEMBL92564,COc1ccc(-c2cnc3c(-c4ccccn4)cnn3c2)cc1,IC50,1000.0,nM,CHEMBL279,0,302.33700000000005,3.4669000000000016,52.31,5,0,3,4
CHEMBL117983,CN1CCN(S(=O)(=O)c2ccc3[nH]c(-c4cc5ccccc5nc4O)cc3c2)CC1,IC50,10.0,nM,CHEMBL279,1,422.51000000000016,3.024800000000001,89.53000000000002,5,2,3,5
CHEMBL92461,COc1ccc(-c2cnc3c(-c4ccsc4)cnn3c2)cc1,IC50,19.0,nM,CHEMBL279,1,307.37800000000004,4.133400000000003,39.42,5,0,3,4
CHEMBL432548,O=c1cc(-c2ccc3c(c2)ncn3-c2ccccc2)ccn1CCN1CCCCC1,IC50,88.0,nM,CHEMBL279,1,398.51000000000033,4.340100000000003,43.06,5,0,5,5
CHEMBL84332,O=c1ccc(-c2ccc3c(c2)ncn3-c2ccccc2)cn1CCCN1CCCCC1,IC50,37.0,nM,CHEMBL279,1,412.5370000000004,4.7302000000000035,43.06,5,0,6,5
CHEMBL83171,c1ccc(-n2cnc3cc(-c4ccc(NCCN5CCOCC5)nc4)ccc32)cc1,IC50,52.0,nM,CHEMBL279,1,399.49800000000016,3.8316000000000026,55.21000000000001,6,1,6,5
CHEMBL316384,c1ccc(-n2cnc3cc(-c4ccc(OCCN5CCCCC5)cc4)cnc32)cc1,IC50,37.0,nM,CHEMBL279,1,398.51000000000016,4.952200000000004,43.18,5,0,6,5
CHEMBL81026,COc1ccc(-c2ccc3c(c2)ncn3-c2ccccc2)cc1,IC50,113.0,nM,CHEMBL279,1,300.361,4.701100000000004,27.05,3,0,3,4
CHEMBL82433,O=c1cc(-c2ccc3c(c2)ncn3-c2ccccc2)ccn1CCCN1CCCCC1,IC50,25.0,nM,CHEMBL279,1,412.5370000000004,4.7302000000000035,43.06,5,0,6,5
CHEMBL83279,c1ccc(-n2cnc3cc(-c4ccc(OCCN5CCCCC5)cc4)ccc32)cc1,IC50,14.0,nM,CHEMBL279,1,397.52200000000016,5.557200000000005,30.29,4,0,6,5
CHEMBL79475,O=c1ccc(-c2ccc3c(c2)ncn3-c2ccccc2)cn1CCN1CCCCC1,IC50,270.0,nM,CHEMBL279,1,398.51000000000033,4.340100000000003,43.06,5,0,5,5
CHEMBL430812,O=c1nc(-c2ccc3c(c2)ncn3-c2ccccc2)ccn1CCCN1CCCCC1,IC50,96.0,nM,CHEMBL279,1,413.5250000000004,4.125200000000003,55.95,6,0,6,5
CHEMBL82069,c1ccc(-n2cnc3cc(-c4ccc(OCCN5CCCCC5)nc4)ccc32)cc1,IC50,23.0,nM,CHEMBL279,1,398.51000000000016,4.952200000000005,43.18,5,0,6,5
CHEMBL416091,COc1cc(Cc2nn([C@H]3CC[C@H](N4CCN(C)CC4)CC3)c3ncnc(N)c23)ccc1NC(=O)[C@@H]1C[C@H]1c1ccccc1,IC50,50000.0,nM,CHEMBL279,0,594.7640000000004,4.481200000000002,114.43,9,2,8,7
CHEMBL44577,CN1CCN([C@H]2CC[C@H](n3nc(-c4ccc(Oc5ccccc5)cc4)c4c(N)ncnc43)CC2)CC1,IC50,5320.0,nM,CHEMBL279,0,483.6200000000003,4.598900000000003,85.33,8,1,5,6
CHEMBL297363,COc1cc(-c2nn([C@H]3CC[C@H](N4CCN(C)CC4)CC3)c3ncnc(N)c23)ccc1NC(=O)c1ccccc1,IC50,50000.0,nM,CHEMBL279,0,540.6720000000004,4.067500000000002,114.43,9,2,6,6
CHEMBL417006,COc1cc(-c2nn([C@H]3CC[C@H](N4CCN(C)CC4)CC3)c3ncnc(N)c23)ccc1NC(=O)C(C)(C)Cc1ccccc1,IC50,50000.0,nM,CHEMBL279,0,596.7800000000003,5.022600000000003,114.43,9,2,8,6
CHEMBL47787,COc1cc(-c2nn([C@H]3CC[C@H](N4CCN(C)CC4)CC3)c3ncnc(N)c23)ccc1NC(=O)OCc1ccccc1,IC50,34200.0,nM,CHEMBL279,0,570.6980000000004,4.563900000000003,123.66000000000001,10,2,7,6
CHEMBL45683,CN1CCN([C@H]2CC[C@H](n3nc(-c4ccc(NCc5cc6ccccc6[nH]5)cc4)c4c(N)ncnc43)CC2)CC1,IC50,435.0,nM,CHEMBL279,1,535.7000000000002,4.900000000000004,103.92,8,3,6,7
CHEMBL45693,CN1CCN([C@H]2CC[C@H](n3nc(-c4ccc(C(=O)c5ccccc5)cc4)c4c(N)ncnc43)CC2)CC1,IC50,50000.0,nM,CHEMBL279,0,495.63100000000026,4.037600000000003,93.17,8,1,5,6
CHEMBL46785,CN1CCN([C@H]2CC[C@H](n3nc(-c4ccc(Nc5ccccc5)cc4)c4c(N)ncnc43)CC2)CC1,IC50,3810.0,nM,CHEMBL279,0,482.6360000000003,4.550200000000003,88.13,8,2,5,6
CHEMBL45582,COc1cc(-c2nn([C@H]3CC[C@H](N4CCN(C)CC4)CC3)c3ncnc(N)c23)ccc1NCc1ccccc1,IC50,50000.0,nM,CHEMBL279,0,526.6890000000003,4.4273000000000025,97.36,9,2,7,6
CHEMBL43773,COc1cc(-c2nn([C@H]3CC[C@H](N4CCN(C)CC4)CC3)c3ncnc(N)c23)ccc1NC(=O)c1cc2ccccc2o1,IC50,50000.0,nM,CHEMBL279,0,580.6930000000003,4.813700000000003,127.57000000000001,10,2,6,7
CHEMBL45177,CN1CCN([C@H]2CC[C@H](n3cc(-c4ccc(Oc5ccccc5)cc4)c4c(N)ncnc43)CC2)CC1,IC50,1190.0,nM,CHEMBL279,0,482.6320000000003,5.203900000000004,72.44,7,1,5,6
CHEMBL295601,COc1cc(-c2nn([C@H]3CC[C@H](N4CCN(C)CC4)CC3)c3ncnc(N)c23)ccc1NC(=O)CCc1ccccc1,IC50,50000.0,nM,CHEMBL279,0,568.7260000000005,4.3865000000000025,114.43,9,2,8,6
CHEMBL295528,COc1cc(-c2nn([C@H]3CC[C@H](N4CCN(C)CC4)CC3)c3ncnc(N)c23)ccc1NC(=O)CC(C)(C)c1ccccc1,IC50,34600.0,nM,CHEMBL279,0,596.7800000000003,5.1216000000000035,114.43,9,2,8,6
CHEMBL45651,COc1cc(-c2nn([C@H]3CC[C@H](N4CCN(C)CC4)CC3)c3ncnc(N)c23)ccc1NC(=O)Nc1ccccc1,IC50,263.0,nM,CHEMBL279,1,555.6870000000004,4.459200000000002,126.46000000000001,9,3,6,6
CHEMBL402673,COc1cc(-c2nn([C@H]3CC[C@H](N4CCN(C)CC4)CC3)c3ncnc(N)c23)ccc1NS(=O)(=O)c1ccccc1,IC50,50000.0,nM,CHEMBL279,0,576.7270000000003,3.6160000000000005,131.5,10,2,7,6
CHEMBL2448064,COc1cc2c(Nc3ccc(Cl)cc3F)ncnc2cc1OCC1CCNCC1.Cl,IC50,50.0,nM,CHEMBL279,1,453.3450000000003,4.974700000000005,68.3,6,2,6,4
CHEMBL25579,COc1cc2c(Nc3ccc(Cl)cc3F)ncnc2cc1OCCN(C)c1ccncc1,IC50,6.0,nM,CHEMBL279,1,453.90500000000026,5.084700000000005,72.4,7,1,8,4
CHEMBL24026,COc1cc2c(Nc3ccc(C#N)cc3F)ncnc2cc1OC/C=C/CN1CCCC1,IC50,230.0,nM,CHEMBL279,1,433.48700000000036,4.423580000000003,83.3,7,1,8,4
CHEMBL26050,COc1cc2c(Nc3ccc(Cl)cc3F)ncnc2cc1OC1CCN(C)CC1,IC50,1500.0,nM,CHEMBL279,0,416.8840000000003,4.647500000000004,59.51,6,1,5,4
CHEMBL428534,COc1cc2c(Nc3ccc(C)cc3F)ncnc2cc1OCC1CCNCC1,IC50,30.0,nM,CHEMBL279,1,396.4660000000003,4.207920000000003,68.3,6,2,6,4
CHEMBL281872,COc1cc2c(Nc3ccc(Br)cc3F)ncnc2cc1OCCn1ccnn1,IC50,30.0,nM,CHEMBL279,1,459.2790000000002,3.954100000000003,86.98,8,1,7,4
CHEMBL281990,COc1cc2c(Nc3ccc(C)cc3F)ncnc2cc1OCC1CCN(C)CC1,IC50,25.0,nM,CHEMBL279,1,410.49300000000034,4.550120000000004,59.51,6,1,6,4
CHEMBL422758,COc1cc2c(Nc3c(F)cc(Cl)cc3F)ncnc2cc1OCC1CCN(C)CC1,IC50,25.0,nM,CHEMBL279,1,448.9010000000003,5.034200000000005,59.51,6,1,6,4
CHEMBL25450,COc1cc2c(Nc3c(F)cc(Cl)cc3F)ncnc2cc1OCC1CCNCC1,IC50,40.0,nM,CHEMBL279,1,434.87400000000025,4.692000000000004,68.3,6,2,6,4
CHEMBL1907763,COc1cc2c(Nc3ccc(Cl)cc3F)ncnc2cc1OC[C@@H]1CCCN(C)C1,IC50,5.0,nM,CHEMBL279,1,430.91100000000034,4.895100000000005,59.51,6,1,6,4
CHEMBL24137,COc1cc2c(Nc3ccc(Cl)cc3F)ncnc2cc1OCCCN1CCOCC1,IC50,9.0,nM,CHEMBL279,1,446.9100000000004,4.275600000000004,68.74,7,1,8,4
CHEMBL24828,COc1cc2/c(=N/c3ccc(Br)cc3F)nc[nH]c2cc1OCC1CCN(C)CC1,IC50,70.0,nM,CHEMBL279,1,475.3620000000003,4.426100000000003,62.74,5,1,5,4
CHEMBL1744349,COc1cc2c(Nc3ccc(Cl)cc3F)ncnc2cc1OC/C=C/CN1CCCC1.Cl,IC50,40.0,nM,CHEMBL279,1,479.3830000000003,5.627100000000006,59.51,6,1,8,4
CHEMBL24979,COc1cc2c(Nc3ccc(Br)cc3F)ncnc2cc1OCCC1CCN(C)CC1,IC50,6.0,nM,CHEMBL279,1,489.3890000000004,5.394300000000006,59.51,6,1,7,4
CHEMBL2448065,COc1cc2c(Nc3ccc(Cl)cc3F)ncnc2cc1OCC1CCN(C)CC1.Cl,IC50,15.0,nM,CHEMBL279,1,467.37200000000036,5.316900000000006,59.51,6,1,6,4
CHEMBL1907764,COc1cc2c(Nc3ccc(Br)cc3F)ncnc2cc1OC[C@@H]1CCCN(C)C1,IC50,1.0,nM,CHEMBL279,1,475.36200000000036,5.004200000000005,59.51,6,1,6,4
CHEMBL283088,COc1cc2c(Nc3ccc(Cl)cc3F)ncnc2cc1OCCN1CCN(C)CC1,IC50,30.0,nM,CHEMBL279,1,445.9260000000004,3.8007000000000035,62.75,7,1,7,4
CHEMBL2448067,COc1cc2c(Nc3ccc(Cl)cc3F)ncnc2cc1OCCCN1CCCC1.Cl,IC50,30.0,nM,CHEMBL279,1,467.37200000000036,5.461000000000006,59.51,6,1,8,4
CHEMBL1202477,COc1cc2c(Nc3ccc(Br)cc3F)ncnc2cc1OCCCN1CCN(C)CC1.Cl,IC50,9.0,nM,CHEMBL279,1,540.8650000000005,4.721700000000006,62.75,7,1,8,4
CHEMBL416191,COc1cc2c(Nc3c(F)cc(Br)cc3F)ncnc2cc1OCC1CCN(C)CC1,IC50,10.0,nM,CHEMBL279,1,493.3520000000003,5.143300000000004,59.51,6,1,6,4
CHEMBL533849,COc1cc2c(Nc3ccc(Br)cc3F)ncnc2cc1OCC1CCN(C)CC1.Cl,IC50,40.0,nM,CHEMBL279,1,511.8230000000004,5.4260000000000055,59.51,6,1,6,4
CHEMBL1907944,COc1cc2c(Nc3ccc(Br)cc3F)ncnc2cc1OC[C@H]1CCCN(C)C1,IC50,10.0,nM,CHEMBL279,1,475.36200000000036,5.004200000000005,59.51,6,1,6,4
CHEMBL1744347,COc1cc2c(Nc3ccc(Cl)cc3F)ncnc2cc1OCCCN1CCN(C)CC1.Cl,IC50,20.0,nM,CHEMBL279,1,496.4140000000004,4.612600000000006,62.75,7,1,8,4
CHEMBL25610,COc1cc2c(Nc3ccc(Cl)cc3F)ncnc2cc1OCCN1CCOCC1,IC50,40.0,nM,CHEMBL279,1,432.8830000000004,3.885500000000004,68.74,7,1,7,4
CHEMBL26641,COc1cc2c(Nc3ccc(Br)cc3F)ncnc2cc1OCCC1CCNCC1,IC50,40.0,nM,CHEMBL279,1,475.36200000000036,5.052100000000005,68.3,6,2,7,4
CHEMBL279459,COc1cc2c(Nc3c(F)cc(Br)cc3F)ncnc2cc1OCC1CCNCC1,IC50,15.0,nM,CHEMBL279,1,479.3250000000003,4.8011000000000035,68.3,6,2,6,4
CHEMBL1202473,COc1cc2c(Nc3cc(O)c(C)cc3F)ncnc2cc1OCC1CCN(C)CC1.Cl,IC50,7.0,nM,CHEMBL279,1,462.95300000000026,4.677520000000005,79.74,7,2,6,4
CHEMBL25425,COc1cc2c(Nc3ccc(Cl)cc3F)ncnc2cc1OCCC1CCN(C)CC1,IC50,55.0,nM,CHEMBL279,1,444.9380000000004,5.285200000000006,59.51,6,1,7,4
CHEMBL286160,COCCOc1cc2ncnc(Nc3ccc(Cl)cc3F)c2cc1OC,IC50,7.0,nM,CHEMBL279,1,377.80300000000017,4.1997000000000035,65.5,6,1,7,3
CHEMBL2448066,COc1cc2c(Nc3cc(O)c(Cl)cc3F)ncnc2cc1OCC1CCN(C)CC1.Cl,IC50,8.0,nM,CHEMBL279,1,483.37100000000027,5.022500000000004,79.74,7,2,6,4
CHEMBL1202478,COc1cc2c(Nc3ccc(Br)cc3F)ncnc2cc1OC/C=C/CN1CCCC1.Cl,IC50,8.0,nM,CHEMBL279,1,523.8340000000004,5.7362000000000055,59.51,6,1,8,4
CHEMBL67598,NC(=O)c1c(-c2ccc(Oc3ccccc3)cc2)c2c(N)ncnc2n1C1CCCC1,IC50,9110.0,nM,CHEMBL279,0,413.4810000000003,4.6868000000000025,109.05000000000001,6,2,5,5
CHEMBL67268,Nc1ncnc2c1c(-c1ccc(Oc3ccccc3O)cc1)cn2C1CCCC1,IC50,90.0,nM,CHEMBL279,1,386.4550000000002,5.2935000000000025,86.19,6,2,4,5
CHEMBL70034,CC(C)n1cc(-c2ccc(Oc3ccc(CO)cc3)cc2)c2c(N)ncnc21,IC50,29.0,nM,CHEMBL279,1,374.4440000000001,4.546000000000004,86.19,6,2,5,4
CHEMBL69068,CC(C)(C)n1cc(-c2ccc(Oc3ccc(N)cc3)cc2)c2c(N)ncnc21,IC50,900.0,nM,CHEMBL279,1,373.4600000000001,4.810000000000002,91.98,6,2,3,4
CHEMBL302279,Nc1ncnc2c1c(-c1ccc(Oc3ccccc3)cc1)c(CO)n2C1CCCC1,IC50,1080.0,nM,CHEMBL279,0,400.48200000000026,5.080200000000003,86.19,6,2,5,5
CHEMBL304113,CC(C)n1cc(-c2ccc(Oc3ccccc3[N+](=O)[O-])cc2)c2c(N)ncnc21,IC50,900.0,nM,CHEMBL279,1,389.41500000000013,4.961900000000004,109.1,7,1,5,4
CHEMBL305748,Nc1ncnc2c1c(-c1ccc(Oc3ccccc3)cc1)c(C(=O)O)n2C1CCCC1,IC50,9820.0,nM,CHEMBL279,0,414.46500000000026,5.286100000000003,103.25999999999999,6,2,5,5
CHEMBL302481,CC(C)(C)n1cc(-c2ccc(Oc3ccc(O)cc3)cc2)c2c(N)ncnc21,IC50,2000.0,nM,CHEMBL279,0,374.44400000000013,4.933400000000003,86.19,6,2,3,4
CHEMBL71541,CC(C)n1cc(-c2ccc(Oc3ccccc3CO)cc2)c2c(N)ncnc21,IC50,144.0,nM,CHEMBL279,1,374.4440000000001,4.546000000000004,86.19,6,2,5,4
CHEMBL67211,CC(C)n1cc(-c2ccc(Oc3ccccc3C(=O)O)cc2)c2c(N)ncnc21,IC50,5060.0,nM,CHEMBL279,0,388.4270000000001,4.7519000000000045,103.26,6,2,5,4
CHEMBL303195,CC(C)n1cc(-c2ccc(Oc3ccccc3N)cc2)c2c(N)ncnc21,IC50,3300.0,nM,CHEMBL279,0,359.4330000000001,4.635900000000003,91.98,6,2,4,4
CHEMBL66716,Nc1ncnc2c1c(-c1ccc(Oc3ccccc3)cc1)c(Br)n2C1CCCC1,IC50,1600.0,nM,CHEMBL279,0,449.3520000000002,6.350400000000003,65.96000000000001,5,1,4,5
CHEMBL68888,N#Cc1c(-c2ccc(Oc3ccccc3)cc2)c2c(N)ncnc2n1C1CCCC1,IC50,3200.0,nM,CHEMBL279,0,395.46600000000024,5.459580000000003,89.75,6,1,4,5
CHEMBL69649,COc1ccc(Oc2ccc(-c3cn(C(C)(C)C)c4ncnc(N)c34)cc2)cc1,IC50,1310.0,nM,CHEMBL279,0,388.47100000000006,5.236400000000003,75.19,6,1,4,4
CHEMBL69544,COCc1c(-c2ccc(Oc3ccccc3)cc2)c2c(N)ncnc2n1C1CCCC1,IC50,4240.0,nM,CHEMBL279,0,414.50900000000024,5.734300000000005,75.19,6,1,6,5
CHEMBL433097,CC(C)(C)n1cc(-c2ccc(Oc3cccc(N)c3)cc2)c2c(N)ncnc21,IC50,400.0,nM,CHEMBL279,1,373.4600000000001,4.810000000000002,91.98,6,2,3,4
CHEMBL71722,CC(C)n1cc(-c2ccc(Oc3ccccc3C#N)cc2)c2c(N)ncnc21,IC50,161.0,nM,CHEMBL279,1,369.4280000000001,4.925380000000004,89.75,6,1,4,4
CHEMBL69868,Cc1c(-c2ccc(Oc3ccccc3)cc2)c2c(N)ncnc2n1C1CCCC1,IC50,3350.0,nM,CHEMBL279,0,384.48300000000023,5.896320000000005,65.96000000000001,5,1,4,5
CHEMBL67560,CC(O)c1c(-c2ccc(Oc3ccccc3)cc2)c2c(N)ncnc2n1C1CCCC1,IC50,1860.0,nM,CHEMBL279,0,414.50900000000024,5.641200000000004,86.19,6,2,5,5
CHEMBL68773,CC(C)n1cc(-c2ccc(Oc3ccc(C(=O)O)cc3)cc2)c2c(N)ncnc21,IC50,6890.0,nM,CHEMBL279,0,388.4270000000001,4.751900000000004,103.26,6,2,5,4
CHEMBL68663,Nc1ncnc2c1c(-c1ccc(Oc3ccccc3)cc1)c(CN1CCOCC1)n2C1CCCC1,IC50,3680.0,nM,CHEMBL279,0,469.58900000000045,5.420100000000005,78.43,7,1,6,6
CHEMBL66102,COc1ccccc1Oc1ccc(-c2cn(C3CCCC3)c3ncnc(N)c23)cc1,IC50,500.0,nM,CHEMBL279,1,400.48200000000014,5.596500000000004,75.19,6,1,5,5
CHEMBL68430,Nc1ncnc2c1c(-c1ccc(Oc3ccccc3)cc1)c(Cl)n2C1CCCC1,IC50,16900.0,nM,CHEMBL279,0,404.90100000000024,6.241300000000003,65.96000000000001,5,1,4,5
CHEMBL68082,NCc1c(-c2ccc(Oc3ccccc3)cc2)c2c(N)ncnc2n1C1CCCC1,IC50,677.0,nM,CHEMBL279,1,399.4980000000002,5.046600000000003,91.97999999999999,6,2,5,5
CHEMBL71985,CC(C)n1cc(-c2ccc(Oc3ccc(C#N)cc3)cc2)c2c(N)ncnc21,IC50,129.0,nM,CHEMBL279,1,369.4280000000001,4.925380000000004,89.75,6,1,4,4
CHEMBL300767,COc1ccc2c(c1)/C(=C/c1[nH]cc3c1CCOC3=O)C(=O)N2,IC50,20000.0,nM,CHEMBL279,0,310.309,2.2288999999999994,80.42,4,2,2,4
CHEMBL94678,COC(=O)[C@]1(O)C[C@H]2O[C@]1(C)n1c3ccccc3c3c4c(c5c6ccccc6n2c5c31)C(=O)NC4,IC50,19.0,nM,CHEMBL279,1,467.4810000000003,3.655100000000002,94.72,7,2,1,8
CHEMBL432491,NS(=O)(=O)c1ccc2c(c1)/C(=C/c1[nH]cc3c1CCOC3=O)C(=O)N2,IC50,6600.0,nM,CHEMBL279,0,359.36300000000017,0.8676999999999999,131.35,5,3,2,4
CHEMBL281948,COC(=O)[C@@]1(O)C[C@H]2O[C@]1(C)n1c3ccccc3c3c4c(c5c6ccccc6n2c5c31)C(=O)NC4,IC50,43.0,nM,CHEMBL279,1,467.4810000000003,3.655100000000002,94.72,7,2,1,8
CHEMBL60541,CNS(=O)(=O)c1ccc2c(c1)/C(=C/c1[nH]cc3c1CCOC3=O)C(=O)N2,IC50,6600.0,nM,CHEMBL279,0,373.3900000000002,1.1283999999999998,117.35999999999999,5,3,3,4
CHEMBL418301,O=C1Nc2cc(-c3ccccc3)ccc2/C1=C/c1[nH]cc2c1CCOC2=O,IC50,2000.0,nM,CHEMBL279,0,356.3810000000002,3.8873000000000024,71.19,3,2,2,5
CHEMBL301639,O=C1Nc2ccc(Cl)cc2/C1=C/c1[nH]cc2c1CCOC2=O,IC50,20000.0,nM,CHEMBL279,0,314.7280000000001,2.8737000000000004,71.19,3,2,1,4
CHEMBL58224,O=C1Nc2cccc(C3CCNCC3)c2/C1=C/c1[nH]cc2c1CCOC2=O,IC50,490.0,nM,CHEMBL279,1,363.41700000000014,2.6873000000000014,83.22,4,3,2,5
CHEMBL258805,COc1ccc2c(c1)/C(=C/c1cnc[nH]1)C(=O)N2,IC50,130.0,nM,CHEMBL279,1,241.25000000000003,1.9109999999999994,67.00999999999999,3,2,2,3
CHEMBL57446,Cc1cccc2c1/C(=C/c1[nH]cc3c1CCOC3=O)C(=O)N2,IC50,20000.0,nM,CHEMBL279,0,294.30999999999995,2.52872,71.19,3,2,1,4
CHEMBL59073,COc1ccc2c(c1)NC(=O)/C2=C\c1[nH]cc2c1CCOC2=O,IC50,20000.0,nM,CHEMBL279,0,310.3090000000001,2.2289000000000003,80.41999999999999,4,2,2,4
CHEMBL293068,O=C1Nc2ccc(C(=O)O)cc2/C1=C/c1[nH]cc2c1CCOC2=O,IC50,6200.0,nM,CHEMBL279,0,324.29200000000014,1.9185,108.49000000000001,4,3,2,4
CHEMBL292864,O=C1Nc2ccc(Br)cc2/C1=C/c1[nH]cc2c1CCOC2=O,IC50,11000.0,nM,CHEMBL279,0,359.1790000000002,2.982800000000001,71.19,3,2,1,4
CHEMBL299032,CC(C)NS(=O)(=O)c1ccc2c(c1)/C(=C/c1[nH]cc3c1CCOC3=O)C(=O)N2,IC50,6700.0,nM,CHEMBL279,0,401.44400000000024,1.9069999999999998,117.35999999999999,5,3,4,4
CHEMBL57256,CN(C)S(=O)(=O)c1ccc2c(c1)/C(=C/c1[nH]cc3c1CCOC3=O)C(=O)N2,IC50,20000.0,nM,CHEMBL279,0,387.41700000000026,1.4706000000000001,108.57,5,2,3,4
CHEMBL21156,CC(C)(C)c1nc2c3ccc(F)cc3c3c(=O)[nH]ccc3c2[nH]1,IC50,1400.0,nM,CHEMBL279,0,309.344,3.994200000000002,61.54,2,2,0,4
CHEMBL58483,O=C1Nc2cccc(CCO)c2/C1=C/c1[nH]cc2c1CCOC2=O,IC50,1200.0,nM,CHEMBL279,0,324.3360000000001,1.7551,91.42000000000002,4,3,3,4
CHEMBL59110,O=C1Nc2ccc(F)cc2/C1=C/c1[nH]cc2c1CCOC2=O,IC50,10000.0,nM,CHEMBL279,0,298.273,2.3594,71.19,3,2,1,4
CHEMBL131577,Cc1cccc(Cl)c1NC(=O)c1cnc(NC(=O)C2CC2)s1,IC50,25000.0,nM,CHEMBL279,0,335.81600000000014,3.7057200000000012,71.09,4,2,4,3
CHEMBL435227,Cc1c(CCC(=O)O)c[nH]c1/C=C1\C(=O)Nc2ccc(C(=O)O)cc21,IC50,240.0,nM,CHEMBL279,1,340.3350000000001,2.5312200000000002,119.49,3,4,5,3
CHEMBL147761,Cc1c[nH]c(/C=C2\C(=O)Nc3cccc(C)c32)c1CCC(=O)O,IC50,200.0,nM,CHEMBL279,1,310.35300000000007,3.141440000000001,82.19,2,3,4,3
CHEMBL450622,COc1cccc(-c2ccc3c(c2)NC(=O)/C3=C\c2[nH]cc(C)c2CCC(=O)O)c1,IC50,28300.0,nM,CHEMBL279,0,402.45000000000016,4.508620000000001,91.42,3,3,6,4
CHEMBL274654,Cc1[nH]c(/C=C2\C(=O)Nc3ccccc32)c(C)c1CCC(=O)O,IC50,2430.0,nM,CHEMBL279,0,310.35300000000007,3.141440000000001,82.19,2,3,4,3
CHEMBL418203,CN1CCC(c2c(O)cc(O)c3c(=O)cc(-c4ccccc4Cl)oc23)[C@@H](O)C1,IC50,10000.0,nM,CHEMBL279,0,401.8460000000001,3.3046000000000015,94.14,6,3,2,4
CHEMBL357803,Cc1[nH]c(/C=C2\C(=O)Nc3ccc(Br)cc32)c(C)c1CCC(=O)O,IC50,1730.0,nM,CHEMBL279,0,389.2490000000002,3.903940000000002,82.19,2,3,4,3
CHEMBL146697,Cc1c(CCC(=O)O)c[nH]c1/C=C1\C(=O)Nc2ccc(S(N)(=O)=O)cc21,IC50,920.0,nM,CHEMBL279,1,375.4060000000001,1.4804199999999996,142.35,4,4,5,3
CHEMBL146694,COc1ccccc1-c1ccc2c(c1)NC(=O)/C2=C\c1[nH]c(C)c(CCC(=O)O)c1C,IC50,4370.0,nM,CHEMBL279,0,416.47700000000026,4.817040000000003,91.42,3,3,6,4
CHEMBL148514,COc1cccc(-c2ccc3c(c2)NC(=O)/C3=C\c2[nH]cc(CCC(=O)O)c2C)c1,IC50,90.0,nM,CHEMBL279,1,402.45000000000016,4.508620000000001,91.42,3,3,6,4
CHEMBL443296,CCOc1cccc(-c2ccc3c(c2)NC(=O)/C3=C\c2[nH]cc(C)c2CCC(=O)O)c1,IC50,1000.0,nM,CHEMBL279,0,416.4770000000002,4.898720000000003,91.42,3,3,7,4
CHEMBL149243,COc1ccc2c(c1)NC(=O)/C2=C\c1[nH]cc(CCC(=O)O)c1C,IC50,1350.0,nM,CHEMBL279,0,326.35200000000003,2.8416200000000007,91.42,3,3,5,3
CHEMBL149073,Cc1[nH]c(/C=C2\C(=O)Nc3ccc(C(=O)O)cc32)c(C)c1CCC(=O)O,IC50,70.0,nM,CHEMBL279,1,354.36200000000014,2.839640000000001,119.49,3,4,5,3
CHEMBL148984,COc1ccc(-c2ccc3c(c2)NC(=O)/C3=C\c2[nH]cc(CCC(=O)O)c2C)cc1,IC50,450.0,nM,CHEMBL279,1,402.4500000000002,4.508620000000002,91.42,3,3,6,4
CHEMBL347074,Cc1c(CCC(=O)O)c[nH]c1/C=C1\C(=O)Nc2cc(-c3ccccc3)ccc21,IC50,300.0,nM,CHEMBL279,1,372.4240000000001,4.500020000000003,82.19,2,3,5,4
CHEMBL344319,Cc1c(CCC(=O)O)c[nH]c1/C=C1\C(=O)Nc2ccccc21,IC50,2140.0,nM,CHEMBL279,0,296.326,2.833020000000001,82.19,2,3,4,3
CHEMBL356245,COc1ccc2c(c1)NC(=O)/C2=C\c1[nH]c(C)c(CCC(=O)O)c1C,IC50,8290.0,nM,CHEMBL279,0,340.3790000000001,3.1500400000000015,91.42,3,3,5,3
CHEMBL150151,COc1ccc(-c2ccc3c(c2)NC(=O)/C3=C\c2[nH]c(C)c(CCC(=O)O)c2C)cc1,IC50,520.0,nM,CHEMBL279,1,416.47700000000026,4.817040000000003,91.42,3,3,6,4
CHEMBL358728,COc1cccc(-c2ccc3c(c2)NC(=O)/C3=C\c2[nH]c(C)c(CCC(=O)O)c2C)c1,IC50,300.0,nM,CHEMBL279,1,416.4770000000002,4.817040000000002,91.42,3,3,6,4
CHEMBL149201,Cc1[nH]c(/C=C2\C(=O)Nc3cc(-c4ccccc4)ccc32)c(C)c1CCC(=O)O,IC50,140.0,nM,CHEMBL279,1,386.45100000000025,4.808440000000003,82.19,2,3,5,4
CHEMBL148744,Cc1c[nH]c(/C=C2\C(=O)Nc3ccc(Br)cc32)c1CCC(=O)O,IC50,350.0,nM,CHEMBL279,1,375.2220000000002,3.5955200000000014,82.19,2,3,4,3
CHEMBL150177,Cc1[nH]c(/C=C2\C(=O)Nc3ccc(S(N)(=O)=O)cc32)c(C)c1CCC(=O)O,IC50,1260.0,nM,CHEMBL279,0,389.4330000000002,1.7888400000000002,142.34999999999997,4,4,5,3
CHEMBL147112,COc1ccccc1-c1ccc2c(c1)NC(=O)/C2=C\c1[nH]cc(CCC(=O)O)c1C,IC50,1470.0,nM,CHEMBL279,0,402.4500000000002,4.508620000000002,91.42,3,3,6,4
CHEMBL142425,C[C@H](O)CNc1cc(-c2[nH]c3cccnc3c2-c2ccc(F)cc2)ccn1,IC50,10000.0,nM,CHEMBL279,0,362.408,4.223700000000003,73.83,4,3,5,4
CHEMBL48834,Cc1cc(C)cc(Nc2nccc(-n3ccnc3-c3cccnc3)n2)c1,IC50,2390.0,nM,CHEMBL279,0,342.406,4.084740000000002,68.52000000000001,6,1,4,4
CHEMBL46694,CC(=O)N1CCN(Cc2cc(C)cc(Nc3nccc(-n4ccnc4-c4ccccc4)n3)c2)CC1,IC50,32.0,nM,CHEMBL279,1,467.5770000000002,4.045420000000003,79.18,7,1,6,5
CHEMBL45752,Cc1cc(C)cc(Nc2nccc(-n3ccnc3-c3ccccc3)n2)c1,IC50,6.0,nM,CHEMBL279,1,341.418,4.689740000000003,55.63,5,1,4,4
CHEMBL297769,Cc1cc(CO)cc(Nc2nccc(-n3ccnc3-c3ccccc3)n2)c1,IC50,9.0,nM,CHEMBL279,1,357.4170000000001,3.8736200000000016,75.86,6,2,5,4
CHEMBL297012,COc1ccc(Nc2nccc(-n3ccnc3-c3ccccc3)n2)cc1,IC50,392.0,nM,CHEMBL279,1,343.39000000000004,4.081500000000002,64.86,6,1,5,4
CHEMBL45405,Cc1cc(C)cc(Nc2nccc(-n3ccnc3-c3ccc[n+]([O-])c3)n2)c1,IC50,1410.0,nM,CHEMBL279,0,358.40500000000003,3.3231400000000013,82.57000000000001,6,1,4,4
CHEMBL45388,Clc1cc(Cl)cc(Nc2nccc(-n3ccnc3-c3ccccc3)n2)c1,IC50,26.0,nM,CHEMBL279,1,382.25400000000013,5.379700000000003,55.63,5,1,4,4
CHEMBL45015,Cc1cc(C)cc(Nc2nccc(-n3ccnc3Cl)n2)c1,IC50,60.0,nM,CHEMBL279,1,299.76500000000004,3.676140000000001,55.63,5,1,3,3
CHEMBL45942,Cc1ccccc1Nc1nccc(-n2ccnc2-c2ccccc2)n1,IC50,3080.0,nM,CHEMBL279,0,327.391,4.381320000000003,55.63,5,1,4,4
CHEMBL297856,c1ccc(-c2nccn2-c2ccnc(Nc3ccccn3)n2)cc1,IC50,6830.0,nM,CHEMBL279,0,314.35200000000003,3.467900000000001,68.52000000000001,6,1,4,4
CHEMBL295679,c1ccc(-c2nccn2-c2ccnc(Nc3cccnc3)n2)cc1,IC50,340.0,nM,CHEMBL279,1,314.35200000000003,3.467900000000001,68.52000000000001,6,1,4,4
CHEMBL296204,[O-][n+]1cccc(Nc2nccc(-n3ccnc3-c3ccccc3)n2)c1,IC50,3570.0,nM,CHEMBL279,0,330.35100000000006,2.7063000000000006,82.57000000000001,6,1,4,4
CHEMBL295973,Cc1ccc(Nc2nccc(-n3ccnc3-c3ccccc3)n2)cc1,IC50,279.0,nM,CHEMBL279,1,327.3910000000001,4.381320000000003,55.63,5,1,4,4
CHEMBL295247,Cc1cc(C)cc(Nc2nccc(-n3cc(C)nc3-c3ccccc3)n2)c1,IC50,450.0,nM,CHEMBL279,1,355.44500000000005,4.998160000000004,55.63,5,1,4,4
CHEMBL47832,Cc1cccc(Nc2nccc(-n3ccnc3-c3ccccc3)n2)c1,IC50,18.0,nM,CHEMBL279,1,327.3910000000001,4.381320000000003,55.63,5,1,4,4
CHEMBL46642,Cc1cc(C)cc(Nc2nccc(-n3ccnc3C3CC3)n2)c1,IC50,1870.0,nM,CHEMBL279,0,305.3850000000001,3.9001400000000013,55.63,5,1,4,4
CHEMBL44915,Cc1cc(Nc2nccc(-n3ccnc3-c3ccccc3)n2)cc(C(F)(F)F)c1,IC50,5.0,nM,CHEMBL279,1,395.38800000000003,5.400120000000002,55.63,5,1,4,4
CHEMBL297156,Cc1cc(C)cc(Nc2cc(-n3ccnc3-c3ccccc3)ncn2)c1,IC50,1808.0,nM,CHEMBL279,0,341.41800000000006,4.689740000000003,55.63,5,1,4,4
CHEMBL297675,COc1cccc(Nc2nccc(-n3ccnc3-c3ccccc3)n2)c1,IC50,20.0,nM,CHEMBL279,1,343.39000000000004,4.081500000000002,64.86,6,1,5,4
CHEMBL45389,Clc1cccc(Nc2nccc(-n3ccnc3-c3ccccc3)n2)c1,IC50,25.0,nM,CHEMBL279,1,347.809,4.726300000000003,55.63,5,1,4,4
CHEMBL296475,Cc1cc(C)cc(Nc2nccc(-n3ccnc3C#N)n2)c1,IC50,232.0,nM,CHEMBL279,1,290.33,2.89442,79.42,6,1,3,3
CHEMBL47852,COc1cc(Nc2nccc(-n3ccnc3-c3ccccc3)n2)cc(OC)c1,IC50,5.0,nM,CHEMBL279,1,373.4160000000001,4.090100000000002,74.09,7,1,6,4
CHEMBL445327,Cc1cc(Nc2nccc(-n3ccnc3-c3ccccc3)n2)ccn1,IC50,276.5,nM,CHEMBL279,1,328.379,3.776320000000002,68.52000000000001,6,1,4,4
CHEMBL45750,COc1ccccc1Nc1nccc(-n2ccnc2-c2ccccc2)n1,IC50,289.0,nM,CHEMBL279,1,343.39000000000004,4.081500000000003,64.86,6,1,5,4
CHEMBL45214,c1ccc(-c2nccn2-c2ccnc(Nc3ccncc3)n2)cc1,IC50,273.0,nM,CHEMBL279,1,314.35200000000003,3.467900000000001,68.52000000000001,6,1,4,4
CHEMBL47110,Cc1cc(C)cc(Nc2nccc(-n3ccnc3-c3ccccn3)n2)c1,IC50,1610.0,nM,CHEMBL279,0,342.406,4.084740000000003,68.52000000000001,6,1,4,4
CHEMBL47965,Cc1cc(C)cc(Nc2nccc(-n3ccnc3C)n2)c1,IC50,765.0,nM,CHEMBL279,1,279.347,3.3311600000000006,55.63,5,1,3,3
CHEMBL44622,Cc1cc(C)cc(Nc2nccc(-n3ccnc3N)n2)c1,IC50,4220.0,nM,CHEMBL279,0,280.335,2.604939999999999,81.65,6,2,3,3
CHEMBL296430,FC(F)(F)c1cc(Nc2nccc(-n3ccnc3-c3ccccc3)n2)cc(C(F)(F)F)c1,IC50,77.0,nM,CHEMBL279,1,449.3580000000001,6.110500000000004,55.63,5,1,4,4
CHEMBL44608,FC(F)(F)c1cccc(Nc2nccc(-n3ccnc3-c3ccccc3)n2)c1,IC50,10.0,nM,CHEMBL279,1,381.3610000000001,5.091700000000003,55.63,5,1,4,4
CHEMBL431930,Cc1cc(C)cc(Nc2nccc(-n3ccnc3-c3cccc(F)c3)n2)c1,IC50,45.0,nM,CHEMBL279,1,359.408,4.828840000000003,55.63,5,1,4,4
CHEMBL46696,COc1cc(Nc2nccc(-n3ccnc3-c3ccccc3)n2)cc(C(F)(F)F)c1,IC50,19000.0,nM,CHEMBL279,0,411.38700000000006,5.1003000000000025,64.86,6,1,5,4
CHEMBL295816,Cc1cc(C)cc(Nc2cc(-n3ccnc3-c3ccccc3)ccn2)c1,IC50,892.0,nM,CHEMBL279,1,340.43000000000006,5.2947400000000036,42.74,4,1,4,4
CHEMBL43949,c1ccc(Nc2nccc(-n3ccnc3-c3ccccc3)n2)cc1,IC50,105.0,nM,CHEMBL279,1,313.36400000000003,4.072900000000002,55.63,5,1,4,4
CHEMBL47166,Cc1cc(Nc2nccc(-n3ccnc3-c3ccccc3)n2)cc(C)n1,IC50,135.0,nM,CHEMBL279,1,342.40600000000006,4.084740000000002,68.52000000000001,6,1,4,4
CHEMBL47962,Cc1cc(C)cc(Nc2nccc(-n3ccnc3-c3cncnc3)n2)c1,IC50,149.0,nM,CHEMBL279,1,343.394,3.4797400000000005,81.41000000000001,7,1,4,4
CHEMBL352308,COc1cc2c(Oc3ccc(Nc4ccc(C(C)(C)C)cc4)cc3)ccnc2cc1OCCNCCO,IC50,83.0,nM,CHEMBL279,1,501.6270000000003,6.037500000000008,84.87,7,3,11,4
CHEMBL330608,CC1=CCC[C@H]2[C@](C)(CC3=C(O)C(O)=C/C(=N\[C@@H](CO)C(=O)O)C3=O)[C@H](C)CC[C@]12C,IC50,20000.0,nM,CHEMBL279,0,431.52900000000034,3.898500000000002,127.42000000000002,6,4,5,3
CHEMBL442388,CC(O)C(/N=C1\C(O)=CC(=O)C(O)=C1CC1CCCC2CCCCC21)C(=O)O,IC50,50000.0,nM,CHEMBL279,0,391.4640000000002,3.0947000000000013,127.42000000000003,6,4,5,3
CHEMBL319347,COC1=CC(=O)C(N[C@@H](CO)C(=O)O)=CC1=O,IC50,8000.0,nM,CHEMBL279,0,241.19899999999998,-1.4124999999999992,112.93,6,3,5,1
CHEMBL293712,CNS(=O)(=O)c1ccc2c(c1)/C(=C/c1[nH]c3c(c1CCCN1CCN(C)CC1)CCCC3)C(=O)N2,IC50,300.0,nM,CHEMBL279,1,497.66500000000053,2.4742999999999995,97.53999999999999,5,3,7,5
CHEMBL291759,CCOC(=O)CN1CCN(CCCc2c(/C=C3\C(=O)Nc4ccc(S(=O)(=O)NC)cc43)[nH]c3c2CCCC3)CC1,IC50,500.0,nM,CHEMBL279,1,569.728,2.4076000000000013,123.84,7,3,10,5
CHEMBL268731,Cc1[nH]c(/C=C2\C(=O)Nc3ccc(F)cc32)c(C)c1C(=O)NCc1ccncc1,IC50,160.0,nM,CHEMBL279,1,390.41800000000006,3.5883400000000023,86.88,3,3,4,4
CHEMBL56109,CNS(=O)(=O)c1ccc2c(c1)/C(=C/c1[nH]c3c(c1CCCN1CCN(CCO)CC1)CCCC3)C(=O)N2,IC50,400.0,nM,CHEMBL279,1,527.6910000000006,1.8367999999999993,117.77000000000001,6,4,9,5
CHEMBL176702,Nc1ncnc2c1c(-c1ccccc1)cn2-c1cccc(CNCCO)c1,IC50,3600.0,nM,CHEMBL279,0,359.43300000000016,2.7516,88.99,6,3,6,4
CHEMBL56569,CNS(=O)(=O)c1ccc2c(c1)/C(=C/c1[nH]c3c(c1CCC(N)=O)CCCC3)C(=O)N2,IC50,500.0,nM,CHEMBL279,1,428.51400000000035,1.7121999999999997,134.15,4,4,6,4
CHEMBL367442,Nc1ncnc2c1c(-c1ccccc1)cn2-c1ccc(CO)cc1,IC50,600.0,nM,CHEMBL279,1,316.3640000000001,3.162000000000001,76.96,5,2,3,4
CHEMBL430155,Cc1[nH]c(/C=C2\C(=O)Nc3ccccc32)c(C)c1CCCN1CCN(C)CC1,IC50,300.0,nM,CHEMBL279,1,378.52000000000027,3.304240000000002,51.370000000000005,3,2,5,4
CHEMBL13354,Cc1[nH]c(/C=C2\C(=O)Nc3ccc(F)cc32)c(C)c1C(=O)NCCN1CCOCC1,IC50,90.0,nM,CHEMBL279,1,412.46500000000026,2.3253400000000006,86.46,4,3,5,4
CHEMBL176705,COc1ccc(-c2cn(-c3ccccc3)c3ncnc(N)c23)cc1,IC50,200.0,nM,CHEMBL279,1,316.3640000000001,3.678300000000001,65.96,5,1,3,4
CHEMBL13485,CCN(CC)CCNC(=O)c1c(C)[nH]c(/C=C2\C(=O)Nc3ccc(Cl)cc32)c1C,IC50,27.0,nM,CHEMBL279,1,414.9370000000002,3.8492400000000018,77.23,3,3,7,3
CHEMBL59042,CCS(=O)(=O)c1ccc2c(c1)/C(=C/c1[nH]c3c(c1CCCN(C)C)CCCC3)C(=O)N2,IC50,2700.0,nM,CHEMBL279,0,441.5970000000004,3.674000000000003,82.27000000000001,4,2,7,4
CHEMBL176309,Nc1ncnc2c1c(-c1cccc(Cl)c1)cn2-c1ccccc1,IC50,1000.0,nM,CHEMBL279,0,320.783,4.323100000000002,56.73,4,1,2,4
CHEMBL267293,Cc1[nH]c(/C=C2\C(=O)Nc3ccc(F)cc32)c(C)c1C(=O)NCCn1cncn1,IC50,85.0,nM,CHEMBL279,1,394.4100000000001,2.28484,104.69999999999999,5,3,5,4
CHEMBL292930,CNS(=O)(=O)c1ccc2c(c1)/C(=C/c1[nH]c3c(c1CCCN1CCN(CC(=O)O)CC1)CCCC3)C(=O)N2,IC50,400.0,nM,CHEMBL279,1,541.6740000000005,1.9291000000000003,134.84,6,4,9,5
CHEMBL369014,CCOC(=O)c1ccc(-c2cn(-c3ccccc3)c3ncnc(N)c23)cc1,IC50,1100.0,nM,CHEMBL279,0,358.40100000000007,3.846400000000002,83.03,6,1,4,4
CHEMBL13629,CCN(CC)CCNC(=O)c1c(C)[nH]c(/C=C2\C(=O)Nc3ccc(Br)cc32)c1C,IC50,32.0,nM,CHEMBL279,1,459.38800000000015,3.9583400000000015,77.23,3,3,7,3
CHEMBL13608,Cc1[nH]c(/C=C2\C(=O)Nc3ccc(F)cc32)c(C)c1C(=O)NCCN1CCCC1,IC50,60.0,nM,CHEMBL279,1,396.46600000000024,3.088940000000002,77.22999999999999,3,3,5,4
CHEMBL55496,CNS(=O)(=O)c1ccc2c(c1)/C(=C/c1[nH]c3c(c1CCCN1CCC(O)CC1)CCCC3)C(=O)N2,IC50,7100.0,nM,CHEMBL279,0,498.6490000000005,2.6836,114.53,5,4,7,5
CHEMBL172973,COc1cccc(-c2cn(-c3ccccc3)c3ncnc(N)c23)c1,IC50,1000.0,nM,CHEMBL279,0,316.3640000000001,3.678300000000001,65.96,5,1,3,4
CHEMBL105436,COc1cccc(-c2cn(-c3ccc(CCN(C)CCO)cc3)c3ncnc(N)c23)c1,IC50,1000.0,nM,CHEMBL279,0,417.5130000000001,3.1449000000000007,89.42999999999999,7,2,8,4
CHEMBL296185,CNS(=O)(=O)c1ccc2c(c1)/C(=C/c1[nH]c3c(c1CCCN1CCOCC1)CCCC3)C(=O)N2,IC50,2300.0,nM,CHEMBL279,0,484.6220000000005,2.5591,103.53,5,3,7,5
CHEMBL300853,CCS(=O)(=O)c1ccc2c(c1)/C(=C/c1[nH]c3c(c1CCCN1CCN(CC(=O)O)CC1)CCCC3)C(=O)N2,IC50,800.0,nM,CHEMBL279,1,540.6860000000006,2.8146000000000013,122.81,6,3,9,5
CHEMBL57143,CCS(=O)(=O)c1ccc2c(c1)/C(=C/c1[nH]c3c(c1CCCN1CCN(CCO)CC1)CCCC3)C(=O)N2,IC50,400.0,nM,CHEMBL279,1,526.7030000000007,2.7223000000000006,105.74000000000001,6,3,9,5
CHEMBL175409,COc1cccc(-c2cn(-c3ccc(CC(=O)NCCO)cc3)c3ncnc(N)c23)c1,IC50,1000.0,nM,CHEMBL279,0,417.4690000000001,2.3293,115.28999999999999,7,3,7,4
CHEMBL52513,CNS(=O)(=O)c1ccc2c(c1)/C(=C/c1[nH]c3c(c1CCCN(C)C)CCCC3)C(=O)N2,IC50,1100.0,nM,CHEMBL279,0,442.5850000000004,2.788500000000001,94.30000000000001,4,3,7,4
CHEMBL54283,CCS(=O)(=O)c1ccc2c(c1)/C(=C/c1[nH]c3c(c1CCCN1CCN(C)CC1)CCCC3)C(=O)N2,IC50,2600.0,nM,CHEMBL279,0,496.67700000000053,3.3598000000000026,85.51,5,2,7,5
CHEMBL13983,Cc1[nH]c(/C=C2\C(=O)Nc3ccc(F)cc32)c(C)c1C(=O)NCC1CCN(C)CC1,IC50,25.0,nM,CHEMBL279,1,410.4930000000002,3.3349400000000022,77.22999999999999,3,3,4,4
CHEMBL176815,COc1cccc(-c2cn(-c3cccc(CO)c3)c3ncnc(N)c23)c1,IC50,1000.0,nM,CHEMBL279,0,346.39000000000004,3.1706000000000003,86.19,6,2,4,4
CHEMBL424375,COc1cccc(-c2cn(-c3ccc(CNCCO)cc3)c3ncnc(N)c23)c1,IC50,1000.0,nM,CHEMBL279,0,389.45900000000006,2.7602,98.22,7,3,7,4
CHEMBL13976,Cc1[nH]c(/C=C2\C(=O)Nc3ccc(F)cc32)c(C)c1C(=O)NCCN(C)C,IC50,80.0,nM,CHEMBL279,1,370.4280000000001,2.5547400000000007,77.22999999999999,3,3,5,3
CHEMBL301143,CNS(=O)(=O)c1ccc2c(c1)/C(=C/c1[nH]c3c(c1CN1CCOCC1)CCCC3)C(=O)N2,IC50,60.0,nM,CHEMBL279,1,456.56800000000044,2.1265,103.53,5,3,5,5
CHEMBL275117,CCN(CC)CCNC(=O)c1c(C)[nH]c(/C=C2\C(=O)Nc3ccccc32)c1C,IC50,50.0,nM,CHEMBL279,1,380.49200000000013,3.1958400000000013,77.23,3,3,7,3
CHEMBL298566,CCS(=O)(=O)c1ccc2c(c1)/C(=C/c1[nH]c3c(c1CCCN1CCC(O)CC1)CCCC3)C(=O)N2,IC50,500.0,nM,CHEMBL279,1,497.6610000000005,3.5691000000000024,102.5,5,3,7,5
CHEMBL169757,Nc1ncnc2c1c(-c1ccccc1)cn2-c1ccccc1,IC50,500.0,nM,CHEMBL279,1,286.338,3.6697000000000015,56.73,4,1,2,4
CHEMBL55594,CCS(=O)(=O)c1ccc2c(c1)/C(=C/c1[nH]c3c(c1CN1CCOCC1)CCCC3)C(=O)N2,IC50,100.0,nM,CHEMBL279,1,455.58000000000044,3.0120000000000013,91.5,5,2,5,5
CHEMBL115220,O=C(Cc1ccc2ccccc2c1)Nc1cc(C2CC2)n[nH]1,IC50,10000.0,nM,CHEMBL279,0,291.354,3.621500000000001,57.78,2,2,4,4
CHEMBL535,CCN(CC)CCNC(=O)c1c(C)[nH]c(/C=C2\C(=O)Nc3ccc(F)cc32)c1C,IC50,80.0,nM,CHEMBL279,1,398.48200000000014,3.3349400000000013,77.23,3,3,7,3
CHEMBL301271,CCS(=O)(=O)c1ccc2c(c1)/C(=C/c1[nH]c3c(c1CCC(N)=O)CCCC3)C(=O)N2,IC50,300.0,nM,CHEMBL279,1,427.52600000000035,2.5977000000000006,122.12,4,3,6,4
CHEMBL324335,c1cc(-c2cnn3cc(-c4ccc(OCCN5CCOCC5)cc4)cnc23)cs1,IC50,4.0,nM,CHEMBL279,1,406.5110000000001,3.8358000000000025,51.89,7,0,6,5
CHEMBL331465,c1ccc(-c2cnn3cc(-c4ccc(OCCN5CCOCC5)cc4)cnc23)cc1,IC50,9.0,nM,CHEMBL279,1,400.48200000000014,3.774300000000002,51.89,6,0,6,5
CHEMBL118386,c1cc(OCCN2CCOCC2)cc(-c2cnc3c(-c4ccsc4)cnn3c2)c1,IC50,14.0,nM,CHEMBL279,1,406.5110000000001,3.8358000000000025,51.89,7,0,6,5
CHEMBL388978,CN[C@@H]1C[C@H]2O[C@@](C)([C@@H]1OC)n1c3ccccc3c3c4c(c5c6ccccc6n2c5c31)C(=O)NC4,IC50,14.0,nM,CHEMBL279,1,466.5410000000003,4.354000000000003,69.45,6,2,2,8
CHEMBL445062,CN(C)CCCOc1ccc(-c2cnc3c(-c4ccsc4)cnn3c2)cc1,IC50,10.0,nM,CHEMBL279,1,378.50100000000003,4.455300000000003,42.66,6,0,7,4
CHEMBL117166,c1cncc(-c2cnn3cc(-c4ccc(OCCN5CCCCC5)cc4)cnc23)c1,IC50,20.0,nM,CHEMBL279,1,399.4980000000002,4.323000000000003,55.550000000000004,6,0,6,5
CHEMBL116324,CN1CCN(CCCn2ccc(-c3cnc4c(-c5ccccc5)cnn4c3)cc2=O)CC1,IC50,13.0,nM,CHEMBL279,1,428.5400000000002,2.8625000000000007,58.669999999999995,7,0,6,5
CHEMBL103055,CCN1CCOCCn2cc(c3ccccc32)C2=C(C(=O)NC2=O)c2cn(c3ccccc23)CCOCC1,IC50,1410.0,nM,CHEMBL279,0,512.6100000000004,3.531900000000002,77.73,7,1,1,6
CHEMBL333021,c1cc(-c2cnn3cc(-c4ccc(OCCN5CCCCC5)cc4)cnc23)cs1,IC50,3.0,nM,CHEMBL279,1,404.5390000000001,4.989500000000005,42.660000000000004,6,0,6,5
CHEMBL115480,O=c1cc(-c2cnc3c(-c4ccccc4)cnn3c2)ccn1CCCN1CCCCC1,IC50,14.0,nM,CHEMBL279,1,413.5250000000004,4.101000000000003,55.43000000000001,6,0,6,5
CHEMBL333640,COCCN(CCOc1ccc(-c2cnc3c(-c4ccsc4)cnn3c2)cc1)Cc1ccccc1,IC50,19.0,nM,CHEMBL279,1,484.6250000000001,5.652200000000005,51.89,7,0,11,5
CHEMBL324153,c1cc(-c2cnn3cc(-c4ccc(OCCN5CCOCC5)cc4)cnc23)ccn1,IC50,11.0,nM,CHEMBL279,1,401.4700000000001,3.1693000000000016,64.78,7,0,6,5
CHEMBL118400,CN1CCN(CCCn2ccc(-c3cnc4c(-c5ccsc5)cnn4c3)cc2=O)CC1,IC50,7.0,nM,CHEMBL279,1,434.5690000000002,2.9240000000000013,58.669999999999995,8,0,6,5
CHEMBL354895,c1ccc(-c2ccn3c(-c4nccs4)cnc3c2)cc1,IC50,42.0,nM,CHEMBL279,1,277.352,4.124800000000002,30.19,4,0,2,4
CHEMBL366452,CS(=O)(=O)N1CCN(Cc2ccc(-c3ccn4c(-c5ccccc5)cnc4c3)cc2)CC1,IC50,13.0,nM,CHEMBL279,1,446.5760000000002,3.7455000000000025,57.92,5,0,5,5
CHEMBL173856,NC(=O)N1CCN(Cc2ccc(-c3ccn4c(-c5ccccc5)cnc4c3)cc2)CC1,IC50,69.0,nM,CHEMBL279,1,411.5090000000002,3.864600000000003,66.87,4,1,4,5
CHEMBL170137,CNC(=O)N1CCN(Cc2ccc(-c3ccn4c(-c5ccccc5)cnc4c3)cc2)CC1,IC50,52.0,nM,CHEMBL279,1,425.5360000000002,4.125300000000004,52.88000000000001,4,1,4,5
CHEMBL171616,c1ccc(-c2ccn3c(-c4cnsc4)cnc3c2)cc1,IC50,50.0,nM,CHEMBL279,1,277.35200000000003,4.124800000000002,30.19,4,0,2,4
CHEMBL423072,c1ccc(-c2ccn3c(-c4ccncc4)cnc3c2)cc1,IC50,145.0,nM,CHEMBL279,1,271.32300000000004,4.063300000000003,30.19,3,0,2,4
CHEMBL415756,c1ccc(-c2ccn3c(-c4ccccc4)cnc3c2)cc1,IC50,98.0,nM,CHEMBL279,1,270.33500000000004,4.668300000000003,17.3,2,0,2,4
CHEMBL172292,c1ccc(-c2ccn3c(-c4cccnc4)cnc3c2)cc1,IC50,930.0,nM,CHEMBL279,1,271.32300000000004,4.063300000000003,30.19,3,0,2,4
CHEMBL171188,O=c1cc(-c2ccn3c(-c4ccccc4)cnc3c2)ccn1CCCO,IC50,120.0,nM,CHEMBL279,1,345.40200000000016,3.212400000000002,59.53,5,1,5,4
CHEMBL353281,COc1ccc(-c2cnc3cc(-c4ccccc4)ccn23)cn1,IC50,2840.0,nM,CHEMBL279,0,301.34900000000005,4.071900000000004,39.42,4,0,3,4
CHEMBL170589,COc1cccc(-c2cnc3cc(-c4ccccc4)ccn23)n1,IC50,242.0,nM,CHEMBL279,1,301.349,4.071900000000003,39.42,4,0,3,4
CHEMBL173550,CC(=O)N1CCN(Cc2ccc(-c3ccn4c(-c5ccccc5)cnc4c3)cc2)CC1,IC50,77.0,nM,CHEMBL279,1,410.5210000000002,4.332400000000003,40.85000000000001,4,0,4,5
CHEMBL171736,COCCN(C)CCCn1ccc(-c2ccn3c(-c4ccccc4)cnc3c2)cc1=O,IC50,96.0,nM,CHEMBL279,1,416.52500000000015,3.798300000000003,51.77,6,0,9,4
CHEMBL435702,O=c1cc(-c2ccn3c(-c4ccccc4)cnc3c2)ccn1CCCN1CCCCC1,IC50,28.0,nM,CHEMBL279,1,412.5370000000004,4.706000000000004,42.540000000000006,5,0,6,5
CHEMBL354070,c1ccc(-c2ccn3c(-c4cncs4)cnc3c2)cc1,IC50,99.0,nM,CHEMBL279,1,277.35200000000003,4.124800000000002,30.19,4,0,2,4
CHEMBL422918,CN(C)CC1CCCN(CCCn2ccc(-c3ccn4c(-c5ccccc5)cnc4c3)cc2=O)C1,IC50,67.0,nM,CHEMBL279,1,469.6330000000002,4.493700000000004,45.78,6,0,8,5
CHEMBL124660,COc1cc2c(N3CCN(C(=O)Nc4ccc(OC(C)C)cc4)CC3)ncnc2cc1OCCCN1CCCCC1,IC50,30000.0,nM,CHEMBL279,0,562.7150000000001,5.034500000000005,92.29,8,1,10,5
CHEMBL125898,COc1cc2c(N3CCN(C(=O)Nc4ccc(OC(C)C)cc4)CC3)ncnc2cc1OCCCN1CCOCC1,IC50,30000.0,nM,CHEMBL279,0,564.6870000000002,3.8808000000000034,101.52000000000001,9,1,10,5
CHEMBL314627,COc1cc(-c2nn([C@H]3CC[C@H](N4CCN(C)CC4)CC3)c3ncnc(N)c23)ccc1NC(=O)c1cc2ccccc2n1C,IC50,50000.0,nM,CHEMBL279,0,593.7360000000002,4.559200000000002,119.36000000000001,10,2,6,7
CHEMBL348218,Cc1ccc2c(c1)c1c3c(c4c(c1n2CCCO)Cc1ccccc1-4)C(=O)NC3,IC50,163.0,nM,CHEMBL279,1,382.4630000000001,4.299920000000004,54.260000000000005,3,2,3,6
CHEMBL347999,O=C1NCc2c1c1c(c3c2c2ccccc2n3CCCO)Cc2ccccc2-1,IC50,48.0,nM,CHEMBL279,1,368.43600000000015,3.991500000000003,54.260000000000005,3,2,3,6
CHEMBL2112040,CC[C@H](C)OCc1ccc2c(c1)c1c3c(c4c(c1n2CCCO)Cc1ccccc1-4)C(=O)NC3,IC50,19.0,nM,CHEMBL279,1,454.5700000000003,5.306600000000007,63.49,4,2,7,6
CHEMBL150405,CC(C)SCc1ccc2c(c1)c1c3c(c4c(c1n2CCCO)Cc1ccccc1-4)C(=O)NC3,IC50,57.0,nM,CHEMBL279,1,456.6110000000003,5.633100000000006,54.260000000000005,4,2,6,6
CHEMBL151358,CC(C)OCc1ccc2[nH]c3c4c(c5c(c3c2c1)CNC5=O)-c1ccccc1C4,IC50,55.0,nM,CHEMBL279,1,382.4630000000001,5.060700000000004,54.12,2,2,3,6
CHEMBL346631,CC(C)OCc1ccc2c(c1)c1c3c(c4c(c1n2CCCOC(=O)CN(C)C)Cc1ccccc1-4)C(=O)NC3,IC50,18.0,nM,CHEMBL279,1,525.6490000000003,5.029000000000004,72.8,6,1,9,6
CHEMBL148471,O=C1NCc2c3c(c4[nH]c5ccccc5c4c21)Cc1ccccc1-3,IC50,414.0,nM,CHEMBL279,1,310.356,4.135700000000002,44.89,1,2,0,6
CHEMBL359084,CC(=O)c1ccc2c(c1)c1c3c(c4c(c1n2CCCO)Cc1ccccc1-4)C(=O)NC3,IC50,187.0,nM,CHEMBL279,1,410.47300000000007,4.194100000000003,71.33,4,2,4,6
CHEMBL358843,CC(C)[S+]([O-])Cc1ccc2c(c1)c1c3c(c4c(c1n2CCCO)Cc1ccccc1-4)C(=O)NC3,IC50,309.0,nM,CHEMBL279,1,472.6100000000003,4.648600000000004,77.32,4,2,6,6
CHEMBL151219,O=C1NCc2c1c1c(c3c2c2ccccc2n3CCO)Cc2ccccc2-1,IC50,107.0,nM,CHEMBL279,1,354.4090000000001,3.6014000000000026,54.260000000000005,3,2,2,6
CHEMBL150894,CC(C)OCc1ccc2c(c1)c1c3c(c4c(c1n2CCCO)Cc1ccccc1-4)C(=O)NC3,IC50,8.0,nM,CHEMBL279,1,440.54300000000023,4.9165000000000045,63.49,4,2,6,6
CHEMBL149636,CCSCc1ccc2c(c1)c1c3c(c4c(c1n2CCCO)Cc1ccccc1-4)C(=O)NC3,IC50,21.0,nM,CHEMBL279,1,442.58400000000023,5.2446000000000055,54.260000000000005,4,2,6,6
CHEMBL359316,CCOC(C)c1ccc2c(c1)c1c3c(c4c(c1n2CCCO)Cc1ccccc1-4)C(=O)NC3,IC50,83.0,nM,CHEMBL279,1,440.54300000000023,5.089000000000006,63.49,4,2,6,6
CHEMBL151863,CCCCOC(C)c1ccc2c(c1)c1c3c(c4c(c1n2CCCO)Cc1ccccc1-4)C(=O)NC3,IC50,130.0,nM,CHEMBL279,1,468.59700000000026,5.869200000000007,63.49,4,2,8,6
CHEMBL357813,CC(C)CCOCc1ccc2c(c1)c1c3c(c4c(c1n2CCCO)Cc1ccccc1-4)C(=O)NC3,IC50,276.0,nM,CHEMBL279,1,468.59700000000026,5.554200000000007,63.49,4,2,8,6
CHEMBL148880,O=C1NCc2c1c1c(c3c2c2cc(CO)ccc2n3CCCO)Cc2ccccc2-1,IC50,208.0,nM,CHEMBL279,1,398.4620000000002,3.4838000000000022,74.49,4,3,4,6
CHEMBL150085,COC(C)c1ccc2c(c1)c1c3c(c4c(c1n2CCCO)Cc1ccccc1-4)C(=O)NC3,IC50,73.0,nM,CHEMBL279,1,426.5160000000002,4.6989000000000045,63.49,4,2,5,6
CHEMBL424323,CCOCc1ccc2c(c1)c1c3c(c4c(c1n2CCCO)Cc1ccccc1-4)C(=O)NC3,IC50,4.0,nM,CHEMBL279,1,426.5160000000002,4.528000000000004,63.49,4,2,6,6
CHEMBL149742,CCC(CC)OCc1ccc2c(c1)c1c3c(c4c(c1n2CCCO)Cc1ccccc1-4)C(=O)NC3,IC50,35.0,nM,CHEMBL279,1,468.59700000000026,5.696700000000007,63.49,4,2,8,6
CHEMBL151959,CCC(C)OCc1ccc2c(c1)c1c3c(c4c(c1n2CCCO)Cc1ccccc1-4)C(=O)NC3,IC50,12.0,nM,CHEMBL279,1,454.5700000000003,5.306600000000007,63.49,4,2,7,6
CHEMBL357490,O=C1NCc2c1c1c(c3[nH]c4ccccc4c23)Cc2ccccc2-1,IC50,110.0,nM,CHEMBL279,1,310.356,4.135700000000002,44.89,1,2,0,6
CHEMBL151656,CC(O)c1ccc2c(c1)c1c3c(c4c(c1n2CCCO)Cc1ccccc1-4)C(=O)NC3,IC50,111.0,nM,CHEMBL279,1,412.4890000000001,4.044800000000003,74.49,4,3,4,6
CHEMBL151835,O=C1NCc2c1c1c(c3c2c2cc(Br)ccc2n3CCCO)Cc2ccccc2-1,IC50,104.0,nM,CHEMBL279,1,447.3320000000003,4.754000000000004,54.260000000000005,3,2,3,6
CHEMBL358038,COCc1ccc2c(c1)c1c3c(c4c(c1n2CCCO)Cc1ccccc1-4)C(=O)NC3,IC50,17.0,nM,CHEMBL279,1,412.4890000000001,4.137900000000003,63.49,4,2,5,6
CHEMBL150291,CC(C)OC(C)c1ccc2c(c1)c1c3c(c4c(c1n2CCCO)Cc1ccccc1-4)C(=O)NC3,IC50,411.0,nM,CHEMBL279,1,454.5700000000003,5.477500000000006,63.49,4,2,6,6
CHEMBL356626,CCCOCc1ccc2c(c1)c1c3c(c4c(c1n2CCCO)Cc1ccccc1-4)C(=O)NC3,IC50,13.0,nM,CHEMBL279,1,440.54300000000023,4.918100000000005,63.49,4,2,7,6
CHEMBL2448133,CC[C@@H](C)OCc1ccc2c(c1)c1c3c(c4c(c1n2CCCO)Cc1ccccc1-4)C(=O)NC3,IC50,12.0,nM,CHEMBL279,1,454.5700000000003,5.306600000000007,63.49,4,2,7,6
CHEMBL424321,CCCCOCc1ccc2c(c1)c1c3c(c4c(c1n2CCCO)Cc1ccccc1-4)C(=O)NC3,IC50,18.0,nM,CHEMBL279,1,454.5700000000003,5.3082000000000065,63.49,4,2,8,6
CHEMBL423221,O=Cc1ccc2c(c1)c1c3c(c4c(c1n2CCCO)Cc1ccccc1-4)C(=O)NC3,IC50,105.0,nM,CHEMBL279,1,396.4460000000001,3.804000000000003,71.33,4,2,4,6
CHEMBL151713,CC(C)(C)OCc1ccc2c(c1)c1c3c(c4c(c1n2CCCO)Cc1ccccc1-4)C(=O)NC3,IC50,11.0,nM,CHEMBL279,1,454.5700000000003,5.306600000000007,63.49,4,2,5,6
CHEMBL101683,O=C(Nc1ccc(Cl)cc1)c1ccccc1NCc1ccncc1,IC50,20.0,nM,CHEMBL279,1,337.8100000000001,4.599400000000003,54.02,3,2,5,3
CHEMBL101253,Clc1ccc(Nc2nnc(Cc3ccncc3)c3ccccc23)cc1,IC50,37.0,nM,CHEMBL279,1,346.8210000000001,5.012600000000003,50.7,4,1,4,4
CHEMBL101682,O=C(Nc1ccccc1F)c1ccccc1NCc1ccc(F)cc1,IC50,3700.0,nM,CHEMBL279,0,338.35699999999997,4.829200000000002,41.13,2,2,5,3
CHEMBL150817,COCCOc1cc2nccc(Nc3ccc(Cl)cc3F)c2cc1OC,IC50,10.0,nM,CHEMBL279,1,376.8150000000001,4.804700000000004,52.61,5,1,7,3
CHEMBL99743,COc1cc2ncnc(N3CCN(C(=O)Nc4ccc([N+](=O)[O-])cc4)CC3)c2cc1OC,IC50,100000.0,nM,CHEMBL279,0,438.44400000000024,2.9093000000000018,122.96000000000002,8,1,5,4
CHEMBL127907,COc1cc2ncnc(Nc3cccc(O)c3)c2cc1OC,IC50,50.0,nM,CHEMBL279,1,297.3140000000001,3.0962000000000014,76.50000000000001,6,2,4,3
CHEMBL345943,COc1cc2c(Nc3ccc(Cl)cc3F)ncnc2cc1OCc1ccncc1,IC50,60.0,nM,CHEMBL279,1,410.8360000000002,5.148500000000004,69.16,6,1,6,4
CHEMBL150315,COc1cc2ncnc(Nc3ccc(Cl)cc3F)c2cc1OC,IC50,100.0,nM,CHEMBL279,1,333.7500000000001,4.183100000000002,56.27000000000001,5,1,4,3
CHEMBL323336,COc1cc2ncnc(N3CCN(C(=O)Nc4ccc(Br)cc4)CC3)c2cc1OC,IC50,100000.0,nM,CHEMBL279,0,472.3430000000002,3.763600000000003,79.82000000000001,6,1,4,4
CHEMBL148869,COCCOc1cc2ncnc(Nc3ccc(Cl)cc3F)c2cc1OCCOC,IC50,60.0,nM,CHEMBL279,1,421.8560000000003,4.216300000000003,74.73,7,1,10,3
CHEMBL150581,COc1cc2ncnc(Nc3ccccc3F)c2cc1OC,IC50,2700.0,nM,CHEMBL279,0,299.30500000000006,3.529700000000002,56.27000000000001,5,1,4,3
CHEMBL151015,COCC(=O)Nc1cc2ncnc(Nc3cc(O)c(C)cc3F)c2cc1OC,IC50,300.0,nM,CHEMBL279,1,386.38300000000015,3.120020000000001,105.60000000000001,7,3,6,3
CHEMBL347086,COCCOc1cc2ncnc(Nc3cc(O)c(Cl)cc3F)c2cc1OC,IC50,2.0,nM,CHEMBL279,1,393.80200000000013,3.905300000000003,85.73,7,2,7,3
CHEMBL151948,COCC(=O)Nc1cc2ncnc(Nc3ccc(Cl)cc3F)c2cc1OC,IC50,100000.0,nM,CHEMBL279,0,390.80200000000013,3.759400000000002,85.37,6,2,6,3
CHEMBL346200,COc1cc2ncnc(Nc3ccc(F)cc3F)c2cc1OC,IC50,2900.0,nM,CHEMBL279,0,317.2950000000001,3.6688000000000027,56.27000000000001,5,1,4,3
CHEMBL150657,COCCOc1ccc2c(Nc3ccc(Cl)cc3F)ncnc2c1,IC50,150.0,nM,CHEMBL279,1,347.77700000000004,4.191100000000003,56.27,5,1,6,3
CHEMBL150187,COc1cc2c(Nc3c(F)cc(Br)cc3F)ncnc2cc1OCCn1ccnn1,IC50,40.0,nM,CHEMBL279,1,477.2690000000002,4.093200000000002,86.98,8,1,7,4
CHEMBL356658,COc1cc2c(Nc3ccc(Cl)cc3F)ncnc2cc1OCCOCCN1CCOCC1,IC50,60.0,nM,CHEMBL279,1,476.9360000000005,3.9021000000000035,77.97,8,1,10,4
CHEMBL421961,COCCOc1cc2ncnc(Nc3cccc(O)c3)c2cc1OC,IC50,5.0,nM,CHEMBL279,1,341.36700000000013,3.112800000000001,85.73,7,2,7,3
CHEMBL433936,COCCOc1cc2nccc(Nc3cc(O)c(Cl)cc3F)c2cc1OC,IC50,2.0,nM,CHEMBL279,1,392.81400000000014,4.510300000000003,72.84,6,2,7,3
CHEMBL150826,COCCOc1cc2nncc(Nc3cc(O)c(Cl)cc3F)c2cc1OC,IC50,4.0,nM,CHEMBL279,1,393.80200000000013,3.905300000000003,85.73,7,2,7,3
CHEMBL147192,COc1cc2c(Nc3ccc(Cl)cc3F)ncnc2cc1OCCn1ccnc1,IC50,40.0,nM,CHEMBL279,1,413.8400000000002,4.450000000000004,74.09,7,1,7,4
CHEMBL150825,COCCOc1cc2nncc(Nc3ccc(Cl)cc3F)c2cc1OC,IC50,1100.0,nM,CHEMBL279,0,377.80300000000017,4.1997000000000035,65.5,6,1,7,3
CHEMBL106966,COc1cc2ncnc(N3CCN(C(=O)Nc4ccc(C#N)cc4)CC3)c2cc1OC,IC50,100000.0,nM,CHEMBL279,0,418.4570000000002,2.8727800000000014,103.61,7,1,4,4
CHEMBL147138,COc1cc2ncnc(Nc3ccc(Cl)cc3)c2cc1OC,IC50,800.0,nM,CHEMBL279,1,315.7600000000001,4.044000000000002,56.27000000000001,5,1,4,3
CHEMBL357815,COc1cc2c(Nc3ccc(Cl)cc3F)ncnc2cc1OCCn1ccnn1,IC50,10.0,nM,CHEMBL279,1,414.8280000000002,3.8450000000000033,86.98,8,1,7,4
CHEMBL358672,COc1cc2c(Nc3ccc(C#N)cc3F)ncnc2cc1OCCn1ccnn1,IC50,300.0,nM,CHEMBL279,1,405.3930000000002,3.0632800000000007,110.77000000000001,9,1,7,4
CHEMBL301018,COc1cc2ncnc(Nc3ccc(F)c(Cl)c3)c2cc1OC,IC50,800.0,nM,CHEMBL279,1,333.7500000000001,4.183100000000002,56.27000000000001,5,1,4,3
CHEMBL150606,COc1cc2c(Nc3ccc(Cl)cc3F)ncnc2cc1OCCn1cncn1,IC50,100.0,nM,CHEMBL279,1,414.8280000000002,3.8450000000000033,86.98,8,1,7,4
CHEMBL440727,COc1cc2ncnc(Nc3cc(O)c(C)cc3F)c2cc1OC,IC50,3.0,nM,CHEMBL279,1,329.33100000000013,3.5437200000000013,76.50000000000001,6,2,4,3
CHEMBL147180,COc1cc2c(Nc3ccc(Cl)cc3F)ncnc2cc1OCCN1CCCC1,IC50,40.0,nM,CHEMBL279,1,416.88400000000036,4.649100000000004,59.51,6,1,7,4
CHEMBL151067,COc1cc2c(Nc3ccc(Cl)cc3F)ncnc2cc1OCc1ccsc1,IC50,8.0,nM,CHEMBL279,1,415.8770000000002,5.815000000000004,56.269999999999996,6,1,6,4
CHEMBL434311,COc1cc2c(Nc3ccc(Cl)cc3F)ncnc2cc1OCCCCN1CCOCC1,IC50,40.0,nM,CHEMBL279,1,460.93700000000047,4.665700000000005,68.74,7,1,9,4
CHEMBL74850,Clc1ccc(Oc2nnc(Cc3ccncc3)c3ccccc23)cc1,IC50,1600.0,nM,CHEMBL279,0,347.80500000000006,5.061300000000004,47.900000000000006,4,0,4,4
CHEMBL74034,Clc1ccc(Nc2nnc(NCc3ccncc3)c3ccccc23)cc1,IC50,4700.0,nM,CHEMBL279,0,361.83600000000007,5.033900000000003,62.730000000000004,5,2,5,4
CHEMBL75076,Clc1ccc(Nc2nnc(Cc3ccncc3)c3c2CCCC3)cc1,IC50,10000.0,nM,CHEMBL279,0,350.85300000000024,4.7382000000000035,50.7,4,1,4,4
CHEMBL369360,COc1cc2c(Nc3c(Cl)ccc4c3OCO4)ncnc2cc1OCCCN1CCOCC1,IC50,17030.0,nM,CHEMBL279,0,472.92900000000037,3.8652000000000024,87.2,9,1,8,5
CHEMBL171558,COc1cc2c(Nc3cccc4occc34)ncnc2cc1OCCCN1CCOCC1,IC50,250.0,nM,CHEMBL279,1,434.49600000000044,4.229300000000003,81.88,8,1,8,5
CHEMBL354145,COc1cc2c(Nc3c(Cl)ccc4c3OCO4)ncnc2cc1OCc1ccnc(C#N)c1,IC50,77000.0,nM,CHEMBL279,0,461.8650000000002,4.609780000000003,111.41,9,1,6,5
CHEMBL173799,COc1cc2c(Nc3c(Br)ccc4c3OCO4)ncnc2cc1OCCCN1CCOCC1,IC50,42640.0,nM,CHEMBL279,0,517.3800000000005,3.974300000000002,87.2,9,1,8,5
CHEMBL169643,COc1cc2c(Nc3c(Cl)ccc4ccoc34)ncnc2cc1OCCCN1CCOCC1,IC50,1380.0,nM,CHEMBL279,0,468.94100000000043,4.882700000000005,81.88,8,1,8,5
CHEMBL422564,Clc1ccc2c(c1Nc1ncnc3cc(OCCCN4CCOCC4)ccc13)OCO2,IC50,91350.0,nM,CHEMBL279,0,442.90300000000036,3.856600000000003,77.97000000000001,8,1,7,5
CHEMBL78303,Cc1cccc(Nc2nnc(Cc3ccncc3)c3ccccc23)c1,IC50,80.0,nM,CHEMBL279,1,326.403,4.667620000000003,50.7,4,1,4,4
CHEMBL172518,COc1cc2c(Nc3cccc4c(Cl)coc34)ncnc2cc1OCCCN1CCOCC1,IC50,100.0,nM,CHEMBL279,1,468.94100000000043,4.882700000000005,81.88,8,1,8,5
CHEMBL353070,COc1cc2c(Nc3cccc4c(Cl)c[nH]c34)ncnc2cc1OCCCN1CCOCC1,IC50,2320.0,nM,CHEMBL279,0,467.95700000000045,4.617800000000004,84.53,7,2,8,5
CHEMBL352877,COc1cc2ncnc(Nc3c(Cl)ccc4c3OCO4)c2cc1OCCCN1CCOCC1,IC50,73820.0,nM,CHEMBL279,0,472.9290000000005,3.8652000000000024,87.20000000000002,9,1,8,5
CHEMBL153843,O=C(Nc1cccc(C(F)(F)F)c1)c1ccccc1NCc1ccncc1,IC50,23.0,nM,CHEMBL279,1,371.3620000000001,4.964800000000003,54.02,3,2,5,3
CHEMBL169186,COc1cc2c(Nc3c(Cl)ccc4c3OCO4)ncnc2cc1OCCCN1CCCCC1,IC50,2170.0,nM,CHEMBL279,0,470.9570000000004,5.018900000000004,77.97,8,1,8,5
CHEMBL74391,Clc1ccc(Sc2nnc(Cc3ccncc3)c3ccccc23)cc1,IC50,1300.0,nM,CHEMBL279,0,363.87300000000005,5.420200000000004,38.67,4,0,4,4
CHEMBL171745,COc1cc2c(Nc3cccc4ccoc34)ncnc2cc1OCCCN1CCOCC1,IC50,410.0,nM,CHEMBL279,1,434.49600000000044,4.229300000000003,81.88,8,1,8,5
CHEMBL77555,FC(F)(F)c1cc(Nc2nnc(Cc3ccncc3)c3ccccc23)ccc1Cl,IC50,300.0,nM,CHEMBL279,1,414.8180000000001,6.031400000000003,50.7,4,1,4,4
CHEMBL352977,COc1cc2c(Nc3c(Cl)ccc4occc34)ncnc2cc1OCCCN1CCOCC1,IC50,1230.0,nM,CHEMBL279,0,468.94100000000043,4.882700000000005,81.88,8,1,8,5
CHEMBL171125,COc1cc2c(Nc3cccc4c3OCO4)ncnc2cc1OCCCN1CCOCC1,IC50,4960.0,nM,CHEMBL279,0,438.4840000000004,3.211800000000001,87.2,9,1,8,5
CHEMBL433321,Clc1ccc(Nc2nnc(Cc3ccncc3)c3ccncc23)cc1,IC50,1400.0,nM,CHEMBL279,0,347.8090000000001,4.407600000000002,63.59,5,1,4,4
CHEMBL309331,c1ccc(-c2ccc(Nc3nnc(Cc4ccncc4)c4ccccc34)cc2)cc1,IC50,200.0,nM,CHEMBL279,1,388.47400000000005,6.026200000000005,50.7,4,1,5,5
CHEMBL306707,Cc1c(Cc2ccncc2)nnc(Nc2ccc(Cl)cc2)c1C,IC50,870.0,nM,CHEMBL279,1,324.81500000000005,4.476240000000003,50.7,4,1,4,3
CHEMBL75034,COc1cc(Nc2nnc(Cc3ccncc3)c3ccccc23)ccc1Cl,IC50,140.0,nM,CHEMBL279,1,376.8470000000001,5.021200000000003,59.93,5,1,5,4
CHEMBL312789,Clc1ccc(Nc2nnc(Cc3ccccn3)c3ccccc23)cc1,IC50,10000.0,nM,CHEMBL279,0,346.8210000000001,5.012600000000003,50.7,4,1,4,4
CHEMBL78160,CC(c1ccncc1)c1nnc(Nc2ccc(Cl)cc2)c2ccccc12,IC50,210.0,nM,CHEMBL279,1,360.84800000000007,5.573600000000004,50.7,4,1,4,4
CHEMBL74143,Nc1ccc2c(Cc3ccncc3)nnc(Nc3ccc(Cl)cc3)c2c1,IC50,1700.0,nM,CHEMBL279,0,361.83600000000007,4.594800000000002,76.72,5,2,4,4
CHEMBL306295,Oc1cccc(Nc2nnc(Cc3ccncc3)c3ccccc23)c1,IC50,670.0,nM,CHEMBL279,1,328.37500000000006,4.064800000000003,70.93,5,2,4,4
CHEMBL172450,COc1ccc(Cl)c(Nc2ncnc3cc(OCCCN4CCOCC4)c(OC)cc23)c1,IC50,1180.0,nM,CHEMBL279,0,458.9460000000004,4.145100000000003,77.97,8,1,9,4
CHEMBL75232,Clc1ccc(Nc2nnc(Cc3ccncc3)c3ccccc23)cc1.O=C(O)CCC(=O)O,IC50,37.0,nM,CHEMBL279,1,464.9090000000003,4.948400000000004,125.30000000000003,6,3,7,4
CHEMBL307476,CN(c1ccc(Cl)cc1)c1nnc(Cc2ccncc2)c2ccccc12,IC50,3500.0,nM,CHEMBL279,0,360.84800000000007,5.036900000000004,41.910000000000004,4,0,4,4
CHEMBL75130,Cc1cc(Cc2nnc(Nc3ccc(Cl)cc3)c3ccccc23)cc(C)n1,IC50,10000.0,nM,CHEMBL279,0,374.87500000000017,5.629440000000004,50.7,4,1,4,4
CHEMBL74587,c1ccc(Nc2nnc(Cc3ccncc3)c3ccccc23)cc1,IC50,950.0,nM,CHEMBL279,1,312.37600000000003,4.359200000000003,50.7,4,1,4,4
CHEMBL419458,Clc1ccc(Nc2nnc(Cc3ccncn3)c3ccccc23)cc1,IC50,410.0,nM,CHEMBL279,1,347.8090000000001,4.407600000000002,63.59,5,1,4,4
CHEMBL77933,FC(F)(F)c1cc(Br)cc(Nc2nnc(Cc3ccncc3)c3ccccc23)c1,IC50,380.0,nM,CHEMBL279,1,459.2690000000002,6.140500000000004,50.7,4,1,4,4
CHEMBL74646,Fc1cc(Nc2nnc(Cc3ccncc3)c3ccccc23)cc(C(F)(F)F)c1,IC50,200.0,nM,CHEMBL279,1,398.36300000000006,5.517100000000003,50.7,4,1,4,4
CHEMBL75196,Clc1ccc(Nc2nnc(Cc3ccncc3)c3ccccc23)cc1Cl,IC50,30.0,nM,CHEMBL279,1,381.2660000000001,5.666000000000003,50.7,4,1,4,4
CHEMBL352992,COc1ccc(Cl)c(Nc2ncnc3cc(OCN4CCN(C)CC4)c(OC)cc23)c1,IC50,670.0,nM,CHEMBL279,1,443.93500000000034,3.6277000000000026,71.98,8,1,7,4
CHEMBL355282,COc1cc2c(Nc3cccc4c3ccn4C)ncnc2cc1OCCCN1CCOCC1,IC50,420.0,nM,CHEMBL279,1,447.53900000000044,3.9748000000000028,73.67,8,1,8,5
CHEMBL74550,Clc1ccc(Nc2nnc(Cc3ccncc3)c3cnccc23)cc1,IC50,610.0,nM,CHEMBL279,1,347.8090000000001,4.407600000000002,63.59,5,1,4,4
CHEMBL169797,COc1cccc(Nc2ncnc3cc(OCCCN4CCOCC4)c(OC)cc23)c1,IC50,1110.0,nM,CHEMBL279,0,424.50100000000026,3.4917000000000025,77.97,8,1,9,4
CHEMBL167890,COc1cc2c(Nc3c(F)ccc4c3OCO4)ncnc2cc1OCCCN1CCOCC1,IC50,8160.0,nM,CHEMBL279,0,456.4740000000004,3.350900000000001,87.2,9,1,8,5
CHEMBL306512,Cc1ccc2c(Cc3ccncc3)nnc(Nc3ccc(Cl)cc3)c2c1,IC50,4700.0,nM,CHEMBL279,0,360.8480000000001,5.3210200000000025,50.7,4,1,4,4
CHEMBL306284,Clc1ccc(Nc2nnc(Cc3ccncc3)c3cccnc23)cc1,IC50,10000.0,nM,CHEMBL279,0,347.8090000000001,4.407600000000002,63.59,5,1,4,4
CHEMBL431006,CC(C)(C)c1ccc(Nc2nnc(Cc3ccncc3)c3ccccc23)cc1,IC50,210.0,nM,CHEMBL279,1,368.48400000000004,5.656700000000004,50.7,4,1,4,4
CHEMBL170984,COc1cc2c(Nc3c(Cl)ccc4c3OCO4)ncnc2cc1OCC1CCN(C)CC1,IC50,15600.0,nM,CHEMBL279,0,456.9300000000003,4.484700000000004,77.97,8,1,6,5
CHEMBL75077,Clc1ccc(Nc2nnc(Cc3ccncc3)c3ncccc23)cc1,IC50,130.0,nM,CHEMBL279,1,347.8090000000001,4.407600000000002,63.59,5,1,4,4
CHEMBL74197,Cc1cc(C)cc(Nc2nnc(Cc3ccncc3)c3ccccc23)c1,IC50,40.0,nM,CHEMBL279,1,340.43000000000006,4.976040000000003,50.7,4,1,4,4
CHEMBL74848,Clc1ccc(Nc2nnc(Cc3cccnc3)c3ccccc23)cc1,IC50,10000.0,nM,CHEMBL279,0,346.8210000000001,5.012600000000003,50.7,4,1,4,4
CHEMBL312526,Cc1cc(Cc2nnc(Nc3ccc(Cl)cc3)c3ccccc23)ccn1,IC50,240.0,nM,CHEMBL279,1,360.8480000000001,5.321020000000003,50.7,4,1,4,4
CHEMBL75462,COc1cccc(Nc2nnc(Cc3ccncc3)c3ccccc23)c1,IC50,240.0,nM,CHEMBL279,1,342.40200000000004,4.3678000000000035,59.93,5,1,5,4
CHEMBL347537,O=C(Nc1cccc(-c2cncc3ccccc23)c1)c1ccccc1NCc1ccncc1,IC50,9.0,nM,CHEMBL279,1,430.51100000000014,6.1612000000000045,66.91,4,2,6,5
CHEMBL317438,c1ccc2c(c1)c(-c1cncc(-c3ccsc3)c1)cn2CCN1CCCCC1,IC50,111.0,nM,CHEMBL279,1,387.5520000000003,5.917700000000005,21.060000000000002,4,0,5,5
CHEMBL318263,CN(C)CCn1cc(-c2cncc(-c3ccsc3)c2)c2ccccc21,IC50,115.0,nM,CHEMBL279,1,347.4870000000001,4.993400000000004,21.060000000000002,4,0,5,4
CHEMBL327720,CC(CN(C)C)Cn1cc(-c2cncc(-c3ccsc3)c2)c2ccccc21,IC50,46.0,nM,CHEMBL279,1,375.54100000000005,5.6295000000000055,21.060000000000002,4,0,6,4
CHEMBL2111784,C[C@H](Nc1cc(-c2sc(C3CCN(C)CC3)nc2-c2ccc(F)cc2)ccn1)c1ccccc1,IC50,1700.0,nM,CHEMBL279,0,472.6330000000001,6.993500000000007,41.05,5,1,6,5
CHEMBL432196,CC(=O)Nc1oc(-c2cncc(-c3ccsc3)c2)nc1-c1ccccc1,IC50,186.0,nM,CHEMBL279,1,361.42600000000004,5.090500000000003,68.02000000000001,5,1,4,4
CHEMBL101221,CC(=O)Nc1oc(-c2cc3ccccc3cc2O)nc1-c1ccccc1,IC50,16.0,nM,CHEMBL279,1,344.37000000000006,4.825800000000004,75.36,4,2,3,4
CHEMBL120185,CN1CCN(c2ccc3c(n2)nc(-c2ccc(F)cc2)n3-c2ccnc(NC3CCCC3)n2)CC1,IC50,10000.0,nM,CHEMBL279,0,472.5720000000003,4.122900000000003,75.0,8,1,5,6
CHEMBL121405,OC1(c2nc(-c3ccc(F)cc3)c(-c3ccnc(NC4CCCCC4)c3)o2)CCNCC1,IC50,1400.0,nM,CHEMBL279,0,436.5310000000004,4.858300000000003,83.21000000000001,6,3,5,5
